sale_id,customer_id,product_id,quantity,sale_date
1021,1,105,2,2023-01-01
1022,3,102,5,2023-01-02
1023,2,110,4,2023-01-02
1024,1,102,2,2023-01-03
1025,9,110,1,2023-01-04
1026,9,104,5,2023-01-04
1027,4,108,5,2023-01-05
1028,5,101,2,2023-01-05
1029,7,106,3,2023-01-05
1030,3,104,3,2023-01-05
1031,2,107,1,2023-01-06
1032,6,110,3,2023-01-07
1033,1,108,5,2023-01-07
1034,2,107,1,2023-01-07
1035,5,110,3,2023-01-08
1036,10,104,1,2023-01-08
1037,1,104,3,2023-01-08
1038,2,104,1,2023-01-08
1039,7,105,4,2023-01-08
1040,3,106,3,2023-01-09
1041,4,105,1,2023-01-09
1042,10,103,5,2023-01-09
1043,3,108,4,2023-01-10
1044,5,109,2,2023-01-10
1045,1,104,1,2023-01-11
1046,6,107,3,2023-01-11
1047,2,104,5,2023-01-11
1048,4,108,4,2023-01-12
1049,8,103,3,2023-01-12
1050,3,104,5,2023-01-12
1051,5,110,4,2023-01-13
1052,10,107,3,2023-01-13
1053,4,103,5,2023-01-13
1054,8,102,1,2023-01-13
1055,2,103,2,2023-01-13
1056,10,102,4,2023-01-14
1057,7,110,4,2023-01-14
1058,9,105,5,2023-01-14
1059,1,102,5,2023-01-14
1060,6,102,3,2023-01-15
1061,7,103,4,2023-01-15
1062,1,105,5,2023-01-15
1063,9,102,3,2023-01-16
1064,9,110,2,2023-01-16
1065,6,103,5,2023-01-17
1066,9,101,5,2023-01-17
1067,8,101,1,2023-01-18
1068,6,105,2,2023-01-18
1069,1,104,5,2023-01-18
1070,2,108,1,2023-01-19
1071,3,103,4,2023-01-20
1072,9,103,3,2023-01-20
1073,9,110,4,2023-01-20
1074,4,109,2,2023-01-20
1075,5,107,3,2023-01-20
1076,9,108,1,2023-01-21
1077,4,104,1,2023-01-21
1078,6,101,5,2023-01-21
1079,9,104,5,2023-01-21
1080,1,102,1,2023-01-22
1081,4,102,1,2023-01-22
1082,2,109,2,2023-01-23
1083,5,108,2,2023-01-23
1084,9,103,5,2023-01-23
1085,8,104,4,2023-01-24
1086,7,104,1,2023-01-24
1087,2,107,3,2023-01-24
1088,7,107,4,2023-01-24
1089,1,102,1,2023-01-24
1090,6,102,2,2023-01-25
1091,4,104,5,2023-01-25
1092,8,103,4,2023-01-25
1093,3,105,4,2023-01-25
1094,2,108,5,2023-01-26
1095,2,101,5,2023-01-26
1096,2,104,2,2023-01-27
1097,8,108,2,2023-01-28
1098,7,101,2,2023-01-28
1099,7,101,4,2023-01-28
1100,5,108,3,2023-01-28
1101,9,108,2,2023-01-29
1102,4,105,2,2023-01-29
1103,1,110,5,2023-01-29
1104,1,106,1,2023-01-29
1105,10,108,5,2023-01-30
1106,3,101,5,2023-01-31
1107,2,103,1,2023-01-31
1108,10,102,2,2023-01-31
1109,7,102,5,2023-01-31
1110,4,110,5,2023-01-31
1111,10,102,4,2023-02-01
1112,10,109,3,2023-02-02
1113,5,104,3,2023-02-02
1114,4,105,4,2023-02-02
1115,3,105,4,2023-02-02
1116,6,102,1,2023-02-02
1117,10,110,1,2023-02-03
1118,2,109,2,2023-02-03
1119,9,105,2,2023-02-03
1120,6,102,2,2023-02-03
1121,5,103,4,2023-02-04
1122,9,105,5,2023-02-04
1123,9,101,5,2023-02-04
1124,2,103,3,2023-02-05
1125,2,102,5,2023-02-05
1126,3,105,3,2023-02-05
1127,4,106,2,2023-02-06
1128,5,109,4,2023-02-06
1129,5,101,1,2023-02-06
1130,7,105,1,2023-02-06
1131,1,106,2,2023-02-06
1132,3,108,5,2023-02-07
1133,7,109,1,2023-02-07
1134,2,102,2,2023-02-07
1135,1,106,5,2023-02-08
1136,9,103,4,2023-02-08
1137,3,101,3,2023-02-08
1138,6,101,3,2023-02-08
1139,4,104,1,2023-02-08
1140,9,107,5,2023-02-09
1141,3,104,2,2023-02-09
1142,3,107,1,2023-02-09
1143,6,107,2,2023-02-10
1144,5,103,1,2023-02-10
1145,1,108,2,2023-02-11
1146,4,108,3,2023-02-11
1147,5,104,2,2023-02-11
1148,1,104,4,2023-02-11
1149,5,102,3,2023-02-12
1150,6,109,4,2023-02-12
1151,9,106,1,2023-02-12
1152,5,103,5,2023-02-13
1153,1,102,5,2023-02-14
1154,7,106,3,2023-02-14
1155,7,110,5,2023-02-14
1156,7,110,2,2023-02-15
1157,1,107,1,2023-02-16
1158,9,109,2,2023-02-16
1159,6,107,1,2023-02-16
1160,10,106,1,2023-02-17
1161,5,109,3,2023-02-17
1162,7,106,4,2023-02-17
1163,9,103,2,2023-02-18
1164,7,107,2,2023-02-18
1165,10,110,3,2023-02-18
1166,9,101,3,2023-02-19
1167,5,104,4,2023-02-19
1168,10,110,3,2023-02-19
1169,8,108,4,2023-02-19
1170,9,108,2,2023-02-20
1171,2,105,5,2023-02-20
1172,6,102,2,2023-02-21
1173,5,104,2,2023-02-21
1174,3,101,1,2023-02-21
1175,4,108,5,2023-02-21
1176,2,108,4,2023-02-21
1177,4,107,4,2023-02-22
1178,7,104,2,2023-02-22
1179,1,102,4,2023-02-22
1180,4,103,5,2023-02-22
1181,8,101,5,2023-02-22
1182,2,108,2,2023-02-23
1183,8,109,5,2023-02-23
1184,6,108,5,2023-02-24
1185,9,107,5,2023-02-24
1186,8,103,4,2023-02-24
1187,8,105,2,2023-02-24
1188,5,109,4,2023-02-24
1189,5,108,1,2023-02-25
1190,5,104,3,2023-02-25
1191,6,109,1,2023-02-26
1192,3,103,2,2023-02-26
1193,7,103,2,2023-02-26
1194,7,107,3,2023-02-27
1195,8,107,1,2023-02-28
1196,4,107,4,2023-02-28
1197,10,101,5,2023-02-28
1198,7,108,1,2023-02-28
1199,6,105,4,2023-02-28
1200,9,109,5,2023-03-01
1201,4,108,2,2023-03-01
1202,5,107,4,2023-03-01
1203,1,107,3,2023-03-01
1204,3,108,2,2023-03-02
1205,10,109,1,2023-03-02
1206,7,110,5,2023-03-02
1207,1,102,4,2023-03-02
1208,8,103,1,2023-03-03
1209,5,107,3,2023-03-03
1210,8,106,3,2023-03-04
1211,7,105,4,2023-03-04
1212,2,108,1,2023-03-05
1213,9,101,3,2023-03-05
1214,4,102,1,2023-03-05
1215,4,104,1,2023-03-06
1216,3,104,2,2023-03-07
1217,8,102,5,2023-03-07
1218,4,108,3,2023-03-07
1219,6,103,5,2023-03-07
1220,10,102,2,2023-03-07
1221,2,110,1,2023-03-08
1222,5,110,4,2023-03-08
1223,7,104,1,2023-03-08
1224,4,102,3,2023-03-09
1225,10,102,5,2023-03-09
1226,1,106,5,2023-03-09
1227,7,106,1,2023-03-09
1228,9,106,1,2023-03-09
1229,8,102,4,2023-03-10
1230,6,108,2,2023-03-10
1231,7,103,5,2023-03-10
1232,5,110,5,2023-03-10
1233,8,107,5,2023-03-11
1234,5,106,2,2023-03-11
1235,2,105,4,2023-03-11
1236,4,108,5,2023-03-11
1237,7,106,1,2023-03-12
1238,8,106,2,2023-03-12
1239,8,104,3,2023-03-12
1240,5,106,3,2023-03-12
1241,10,105,5,2023-03-12
1242,9,104,1,2023-03-13
1243,7,108,5,2023-03-14
1244,4,108,4,2023-03-14
1245,1,102,3,2023-03-15
1246,4,107,2,2023-03-15
1247,5,110,3,2023-03-15
1248,8,109,5,2023-03-15
1249,7,109,3,2023-03-16
1250,6,108,3,2023-03-16
1251,5,105,2,2023-03-16
1252,4,106,1,2023-03-17
1253,3,104,2,2023-03-18
1254,8,105,5,2023-03-18
1255,9,110,3,2023-03-18
1256,2,104,3,2023-03-18
1257,4,106,2,2023-03-18
1258,1,109,2,2023-03-19
1259,5,101,1,2023-03-19
1260,9,105,2,2023-03-19
1261,2,101,5,2023-03-20
1262,5,108,4,2023-03-20
1263,8,106,2,2023-03-20
1264,1,105,4,2023-03-20
1265,2,107,4,2023-03-21
1266,10,101,2,2023-03-22
1267,10,105,1,2023-03-23
1268,4,102,5,2023-03-23
1269,10,110,5,2023-03-24
1270,4,109,4,2023-03-24
1271,8,108,3,2023-03-24
1272,10,107,3,2023-03-24
1273,10,101,5,2023-03-25
1274,2,104,2,2023-03-25
1275,5,102,2,2023-03-25
1276,4,103,5,2023-03-25
1277,2,103,1,2023-03-25
1278,8,110,4,2023-03-26
1279,5,101,2,2023-03-26
1280,5,105,4,2023-03-26
1281,2,104,3,2023-03-26
1282,4,107,1,2023-03-27
1283,9,104,2,2023-03-27
1284,5,103,1,2023-03-27
1285,1,103,3,2023-03-27
1286,10,110,3,2023-03-27
1287,2,108,3,2023-03-28
1288,7,105,5,2023-03-28
1289,9,108,4,2023-03-28
1290,2,110,1,2023-03-28
1291,6,110,3,2023-03-29
1292,1,102,2,2023-03-29
1293,10,110,1,2023-03-29
1294,5,110,1,2023-03-29
1295,8,109,4,2023-03-30
1296,5,103,5,2023-03-30
1297,8,102,4,2023-03-31
1298,6,107,3,2023-03-31
1299,6,102,2,2023-03-31
1300,6,107,4,2023-03-31
1301,7,109,1,2023-04-01
1302,8,102,3,2023-04-01
1303,5,106,1,2023-04-01
1304,9,101,5,2023-04-02
1305,8,107,1,2023-04-02
1306,4,109,3,2023-04-02
1307,10,108,4,2023-04-02
1308,4,105,5,2023-04-03
1309,5,108,4,2023-04-04
1310,2,101,5,2023-04-04
1311,3,105,5,2023-04-05
1312,1,109,4,2023-04-05
1313,4,102,4,2023-04-06
1314,3,108,3,2023-04-07
1315,5,107,4,2023-04-08
1316,8,104,4,2023-04-08
1317,9,103,4,2023-04-08
1318,4,110,5,2023-04-08
1319,3,102,3,2023-04-08
1320,6,109,3,2023-04-09
1321,1,105,3,2023-04-09
1322,10,110,4,2023-04-09
1323,3,108,5,2023-04-09
1324,6,106,5,2023-04-10
1325,9,107,4,2023-04-10
1326,6,104,2,2023-04-10
1327,10,107,2,2023-04-10
1328,1,106,4,2023-04-11
1329,7,107,2,2023-04-11
1330,8,101,2,2023-04-11
1331,9,110,3,2023-04-11
1332,8,102,5,2023-04-12
1333,1,103,4,2023-04-13
1334,3,102,4,2023-04-13
1335,5,106,5,2023-04-13
1336,7,102,3,2023-04-13
1337,7,106,4,2023-04-14
1338,9,101,5,2023-04-14
1339,2,104,3,2023-04-14
1340,4,102,4,2023-04-14
1341,2,102,4,2023-04-14
1342,5,101,1,2023-04-15
1343,6,101,3,2023-04-15
1344,6,107,2,2023-04-16
1345,4,109,4,2023-04-16
1346,10,103,2,2023-04-16
1347,2,110,4,2023-04-17
1348,10,104,4,2023-04-17
1349,3,104,4,2023-04-18
1350,5,108,3,2023-04-18
1351,1,108,3,2023-04-18
1352,9,103,1,2023-04-18
1353,8,106,5,2023-04-18
1354,7,105,4,2023-04-19
1355,5,104,4,2023-04-19
1356,8,102,2,2023-04-19
1357,10,106,5,2023-04-20
1358,5,105,1,2023-04-20
1359,7,105,1,2023-04-20
1360,10,101,5,2023-04-20
1361,5,104,5,2023-04-21
1362,6,104,2,2023-04-21
1363,10,105,2,2023-04-21
1364,2,101,3,2023-04-21
1365,1,110,3,2023-04-22
1366,3,102,3,2023-04-22
1367,6,107,2,2023-04-22
1368,4,103,5,2023-04-22
1369,9,109,3,2023-04-23
1370,3,105,4,2023-04-23
1371,5,106,1,2023-04-23
1372,2,103,2,2023-04-24
1373,7,109,3,2023-04-24
1374,2,107,1,2023-04-24
1375,5,109,1,2023-04-24
1376,6,105,5,2023-04-25
1377,7,106,1,2023-04-25
1378,4,108,1,2023-04-25
1379,10,109,3,2023-04-25
1380,4,102,4,2023-04-26
1381,5,107,1,2023-04-26
1382,3,101,1,2023-04-26
1383,5,108,1,2023-04-26
1384,2,104,5,2023-04-26
1385,7,108,3,2023-04-27
1386,9,107,5,2023-04-27
1387,7,102,4,2023-04-28
1388,10,107,3,2023-04-28
1389,6,104,4,2023-04-29
1390,4,106,1,2023-04-30
1391,6,109,3,2023-04-30
1392,1,107,3,2023-04-30
1393,4,102,4,2023-04-30
1394,4,110,1,2023-05-01
1395,6,104,2,2023-05-02
1396,4,102,5,2023-05-03
1397,4,110,2,2023-05-03
1398,4,106,2,2023-05-03
1399,10,101,3,2023-05-03
1400,3,103,5,2023-05-03
1401,3,102,1,2023-05-04
1402,3,101,3,2023-05-04
1403,4,110,3,2023-05-04
1404,3,105,1,2023-05-05
1405,7,109,1,2023-05-06
1406,2,108,4,2023-05-06
1407,9,110,1,2023-05-07
1408,8,109,2,2023-05-07
1409,10,101,5,2023-05-07
1410,8,101,1,2023-05-08
1411,8,107,4,2023-05-08
1412,2,108,4,2023-05-08
1413,2,106,5,2023-05-09
1414,2,103,3,2023-05-10
1415,10,110,5,2023-05-10
1416,7,110,5,2023-05-11
1417,5,108,5,2023-05-11
1418,10,107,1,2023-05-11
1419,9,104,4,2023-05-12
1420,4,107,3,2023-05-13
1421,8,107,4,2023-05-13
1422,2,106,4,2023-05-13
1423,6,105,3,2023-05-13
1424,8,102,1,2023-05-14
1425,2,102,4,2023-05-14
1426,6,103,5,2023-05-15
1427,10,109,5,2023-05-16
1428,2,107,3,2023-05-17
1429,7,101,3,2023-05-17
1430,10,105,3,2023-05-17
1431,10,109,2,2023-05-18
1432,8,104,1,2023-05-19
1433,6,109,3,2023-05-19
1434,5,110,2,2023-05-20
1435,9,110,5,2023-05-21
1436,9,101,5,2023-05-21
1437,5,101,2,2023-05-21
1438,5,105,3,2023-05-21
1439,1,103,2,2023-05-22
1440,10,107,1,2023-05-22
1441,3,101,1,2023-05-22
1442,4,107,4,2023-05-23
1443,8,106,2,2023-05-23
1444,6,105,3,2023-05-23
1445,10,110,1,2023-05-23
1446,1,103,2,2023-05-23
1447,1,102,3,2023-05-24
1448,8,107,4,2023-05-24
1449,10,108,4,2023-05-24
1450,5,104,5,2023-05-24
1451,2,106,4,2023-05-24
1452,5,110,4,2023-05-25
1453,5,101,2,2023-05-26
1454,7,110,1,2023-05-26
1455,1,104,3,2023-05-26
1456,4,103,3,2023-05-26
1457,5,106,1,2023-05-26
1458,8,107,2,2023-05-27
1459,7,109,2,2023-05-28
1460,9,109,3,2023-05-28
1461,7,101,4,2023-05-29
1462,8,102,3,2023-05-30
1463,7,110,4,2023-05-31
1464,7,105,1,2023-05-31
1465,7,101,3,2023-05-31
1466,3,110,4,2023-05-31
1467,6,102,4,2023-05-31
1468,4,107,5,2023-06-01
1469,9,102,4,2023-06-02
1470,5,106,2,2023-06-02
1471,6,103,1,2023-06-02
1472,9,102,5,2023-06-02
1473,4,106,3,2023-06-03
1474,3,104,1,2023-06-03
1475,3,105,2,2023-06-03
1476,3,110,2,2023-06-03
1477,2,103,4,2023-06-03
1478,10,110,4,2023-06-04
1479,10,110,3,2023-06-04
1480,6,103,4,2023-06-04
1481,2,108,4,2023-06-04
1482,5,110,1,2023-06-05
1483,6,109,1,2023-06-05
1484,5,108,4,2023-06-05
1485,1,106,3,2023-06-06
1486,2,110,5,2023-06-07
1487,7,108,5,2023-06-08
1488,9,101,4,2023-06-08
1489,10,104,3,2023-06-08
1490,10,108,5,2023-06-08
1491,3,101,4,2023-06-08
1492,6,102,5,2023-06-09
1493,1,104,4,2023-06-10
1494,8,109,5,2023-06-10
1495,3,106,3,2023-06-11
1496,5,107,4,2023-06-11
1497,6,110,1,2023-06-11
1498,6,102,3,2023-06-11
1499,2,109,4,2023-06-11
1500,5,110,2,2023-06-12
1501,6,102,5,2023-06-12
1502,3,106,3,2023-06-12
1503,3,110,1,2023-06-13
1504,5,109,4,2023-06-13
1505,6,103,5,2023-06-13
1506,2,107,5,2023-06-13
1507,1,106,3,2023-06-14
1508,3,104,3,2023-06-14
1509,8,104,2,2023-06-14
1510,3,102,3,2023-06-15
1511,2,109,5,2023-06-15
1512,1,106,5,2023-06-16
1513,3,110,4,2023-06-16
1514,3,103,2,2023-06-16
1515,10,103,4,2023-06-16
1516,1,107,3,2023-06-16
1517,8,110,3,2023-06-17
1518,8,104,5,2023-06-17
1519,5,108,2,2023-06-18
1520,6,110,4,2023-06-18
1521,5,107,5,2023-06-19
1522,9,107,2,2023-06-19
1523,4,110,2,2023-06-19
1524,5,101,4,2023-06-19
1525,9,102,5,2023-06-20
1526,2,105,1,2023-06-20
1527,3,105,4,2023-06-20
1528,3,107,1,2023-06-21
1529,4,108,3,2023-06-21
1530,1,107,1,2023-06-21
1531,7,109,3,2023-06-21
1532,4,107,1,2023-06-21
1533,4,101,3,2023-06-22
1534,2,106,2,2023-06-22
1535,3,101,3,2023-06-22
1536,3,108,4,2023-06-23
1537,10,101,1,2023-06-23
1538,1,105,2,2023-06-23
1539,3,109,5,2023-06-23
1540,7,102,3,2023-06-24
1541,4,105,1,2023-06-24
1542,1,104,4,2023-06-24
1543,10,108,1,2023-06-24
1544,2,108,5,2023-06-24
1545,1,109,5,2023-06-25
1546,4,103,3,2023-06-25
1547,7,101,5,2023-06-25
1548,6,104,5,2023-06-25
1549,7,103,1,2023-06-25
1550,6,102,5,2023-06-26
1551,9,109,5,2023-06-26
1552,9,101,4,2023-06-26
1553,8,101,4,2023-06-26
1554,6,105,1,2023-06-26
1555,2,106,2,2023-06-27
1556,2,110,3,2023-06-27
1557,3,101,3,2023-06-27
1558,6,103,4,2023-06-28
1559,8,103,2,2023-06-28
1560,2,108,1,2023-06-28
1561,5,104,1,2023-06-28
1562,4,101,3,2023-06-28
1563,9,107,5,2023-06-29
1564,8,105,1,2023-06-29
1565,4,105,3,2023-06-29
1566,6,105,1,2023-06-30
1567,7,107,4,2023-07-01
1568,7,106,2,2023-07-01
1569,8,108,3,2023-07-01
1570,5,102,4,2023-07-02
1571,2,107,5,2023-07-02
1572,3,109,3,2023-07-02
1573,6,102,1,2023-07-02
1574,6,105,3,2023-07-02
1575,10,107,2,2023-07-03
1576,8,106,4,2023-07-03
1577,1,106,5,2023-07-03
1578,7,105,1,2023-07-03
1579,7,106,5,2023-07-04
1580,1,103,5,2023-07-05
1581,8,101,2,2023-07-05
1582,4,106,3,2023-07-06
1583,10,101,5,2023-07-07
1584,3,108,3,2023-07-07
1585,6,108,1,2023-07-07
1586,10,103,5,2023-07-07
1587,7,106,3,2023-07-08
1588,4,102,1,2023-07-08
1589,3,108,5,2023-07-08
1590,9,102,3,2023-07-09
1591,5,108,2,2023-07-09
1592,10,105,4,2023-07-09
1593,4,102,2,2023-07-09
1594,8,103,4,2023-07-10
1595,6,106,1,2023-07-11
1596,9,105,3,2023-07-12
1597,3,103,3,2023-07-12
1598,9,104,1,2023-07-12
1599,4,103,2,2023-07-12
1600,8,101,3,2023-07-12
1601,10,106,4,2023-07-13
1602,9,103,5,2023-07-13
1603,2,102,3,2023-07-13
1604,7,108,5,2023-07-13
1605,7,107,5,2023-07-13
1606,3,106,1,2023-07-14
1607,8,109,3,2023-07-15
1608,3,109,5,2023-07-15
1609,3,103,4,2023-07-15
1610,9,101,1,2023-07-15
1611,3,105,2,2023-07-16
1612,3,106,2,2023-07-16
1613,6,109,3,2023-07-16
1614,2,105,2,2023-07-16
1615,9,105,2,2023-07-16
1616,10,109,1,2023-07-17
1617,9,103,5,2023-07-17
1618,10,103,2,2023-07-17
1619,10,106,5,2023-07-18
1620,1,101,1,2023-07-18
1621,1,110,3,2023-07-18
1622,4,110,4,2023-07-18
1623,10,101,4,2023-07-18
1624,5,105,4,2023-07-19
1625,4,107,3,2023-07-19
1626,8,102,1,2023-07-19
1627,3,108,4,2023-07-19
1628,8,108,2,2023-07-19
1629,10,103,3,2023-07-20
1630,6,106,4,2023-07-20
1631,3,106,5,2023-07-20
1632,2,106,2,2023-07-21
1633,8,102,3,2023-07-21
1634,8,104,2,2023-07-21
1635,2,101,3,2023-07-21
1636,7,110,4,2023-07-21
1637,3,106,5,2023-07-22
1638,6,104,2,2023-07-22
1639,9,108,4,2023-07-23
1640,5,108,1,2023-07-23
1641,2,107,5,2023-07-23
1642,8,104,2,2023-07-23
1643,6,101,1,2023-07-24
1644,5,108,5,2023-07-24
1645,8,105,5,2023-07-24
1646,1,102,4,2023-07-24
1647,3,105,3,2023-07-24
1648,6,101,4,2023-07-25
1649,1,110,5,2023-07-25
1650,4,106,5,2023-07-25
1651,5,102,4,2023-07-25
1652,8,109,3,2023-07-26
1653,10,110,1,2023-07-26
1654,3,102,4,2023-07-26
1655,6,106,5,2023-07-26
1656,6,103,2,2023-07-26
1657,9,107,5,2023-07-27
1658,1,101,1,2023-07-27
1659,3,106,4,2023-07-27
1660,9,108,2,2023-07-27
1661,10,109,2,2023-07-27
1662,10,106,2,2023-07-28
1663,7,110,3,2023-07-28
1664,10,106,5,2023-07-28
1665,9,108,5,2023-07-29
1666,5,108,1,2023-07-29
1667,6,106,1,2023-07-29
1668,7,110,3,2023-07-29
1669,1,110,4,2023-07-29
1670,10,110,2,2023-07-30
1671,1,110,4,2023-07-30
1672,3,109,5,2023-07-30
1673,3,104,1,2023-07-31
1674,10,102,2,2023-07-31
1675,1,108,3,2023-07-31
1676,7,103,4,2023-07-31
1677,7,109,5,2023-08-01
1678,8,101,2,2023-08-01
1679,4,109,3,2023-08-02
1680,8,109,4,2023-08-02
1681,6,103,4,2023-08-02
1682,9,106,5,2023-08-02
1683,6,105,5,2023-08-02
1684,4,104,3,2023-08-03
1685,9,105,2,2023-08-03
1686,5,105,2,2023-08-03
1687,8,106,4,2023-08-03
1688,9,105,3,2023-08-04
1689,2,110,5,2023-08-04
1690,7,107,3,2023-08-04
1691,5,101,3,2023-08-05
1692,2,106,4,2023-08-05
1693,8,104,2,2023-08-06
1694,9,105,5,2023-08-06
1695,5,103,1,2023-08-06
1696,10,104,2,2023-08-07
1697,1,109,2,2023-08-07
1698,4,101,1,2023-08-07
1699,7,106,4,2023-08-07
1700,2,103,1,2023-08-07
1701,3,107,4,2023-08-08
1702,8,104,3,2023-08-08
1703,6,105,1,2023-08-08
1704,2,110,2,2023-08-08
1705,9,101,2,2023-08-08
1706,3,101,4,2023-08-09
1707,8,103,3,2023-08-09
1708,1,101,3,2023-08-09
1709,10,110,1,2023-08-09
1710,5,108,5,2023-08-10
1711,9,108,2,2023-08-10
1712,9,108,3,2023-08-10
1713,2,106,2,2023-08-11
1714,8,105,2,2023-08-11
1715,6,105,5,2023-08-12
1716,3,110,4,2023-08-13
1717,7,109,3,2023-08-13
1718,7,102,2,2023-08-14
1719,8,106,2,2023-08-15
1720,1,105,4,2023-08-15
1721,8,105,3,2023-08-16
1722,5,110,5,2023-08-16
1723,5,106,2,2023-08-17
1724,2,108,3,2023-08-18
1725,7,109,3,2023-08-19
1726,2,105,3,2023-08-19
1727,4,104,2,2023-08-20
1728,8,103,4,2023-08-20
1729,10,106,4,2023-08-20
1730,9,108,5,2023-08-20
1731,4,104,5,2023-08-20
1732,9,108,5,2023-08-21
1733,2,110,1,2023-08-22
1734,1,109,5,2023-08-22
1735,4,110,5,2023-08-22
1736,3,106,5,2023-08-23
1737,8,102,2,2023-08-23
1738,8,102,5,2023-08-24
1739,8,101,4,2023-08-24
1740,3,109,4,2023-08-24
1741,8,110,1,2023-08-24
1742,9,108,3,2023-08-24
1743,7,105,1,2023-08-25
1744,10,102,1,2023-08-26
1745,7,106,1,2023-08-26
1746,1,102,4,2023-08-27
1747,1,105,4,2023-08-27
1748,3,103,4,2023-08-27
1749,6,107,4,2023-08-27
1750,7,107,1,2023-08-27
1751,3,106,1,2023-08-28
1752,3,109,4,2023-08-28
1753,9,103,2,2023-08-28
1754,1,101,3,2023-08-28
1755,8,109,4,2023-08-28
1756,7,104,2,2023-08-29
1757,8,106,2,2023-08-29
1758,5,104,1,2023-08-29
1759,1,107,5,2023-08-29
1760,1,104,2,2023-08-29
1761,2,110,1,2023-08-30
1762,10,101,2,2023-08-31
1763,1,107,4,2023-08-31
1764,4,109,2,2023-08-31
1765,1,103,5,2023-08-31
1766,4,110,3,2023-09-01
1767,10,110,3,2023-09-01
1768,4,105,2,2023-09-01
1769,4,107,3,2023-09-02
1770,5,101,5,2023-09-02
1771,10,103,4,2023-09-02
1772,9,108,1,2023-09-02
1773,6,107,5,2023-09-02
1774,7,107,2,2023-09-03
1775,5,107,2,2023-09-03
1776,9,108,2,2023-09-03
1777,5,103,4,2023-09-04
1778,1,109,4,2023-09-04
1779,9,109,2,2023-09-05
1780,7,104,3,2023-09-05
1781,4,106,1,2023-09-05
1782,8,106,1,2023-09-05
1783,4,101,3,2023-09-06
1784,7,110,5,2023-09-06
1785,1,102,2,2023-09-06
1786,10,109,2,2023-09-06
1787,8,104,3,2023-09-06
1788,1,104,2,2023-09-07
1789,2,108,2,2023-09-07
1790,10,104,4,2023-09-07
1791,9,106,3,2023-09-08
1792,7,108,5,2023-09-08
1793,5,105,3,2023-09-09
1794,9,108,4,2023-09-09
1795,2,108,3,2023-09-09
1796,6,106,4,2023-09-10
1797,1,110,2,2023-09-10
1798,1,105,5,2023-09-11
1799,10,110,4,2023-09-11
1800,3,104,3,2023-09-12
1801,4,107,5,2023-09-12
1802,4,108,5,2023-09-12
1803,5,108,4,2023-09-13
1804,8,103,3,2023-09-13
1805,3,103,5,2023-09-13
1806,3,109,1,2023-09-14
1807,9,101,1,2023-09-14
1808,1,101,4,2023-09-14
1809,3,104,1,2023-09-14
1810,1,104,5,2023-09-15
1811,8,106,1,2023-09-15
1812,10,108,4,2023-09-16
1813,1,101,5,2023-09-16
1814,9,107,1,2023-09-16
1815,1,109,3,2023-09-16
1816,9,105,1,2023-09-16
1817,7,103,1,2023-09-17
1818,2,109,2,2023-09-17
1819,4,104,5,2023-09-17
1820,9,105,3,2023-09-17
1821,5,107,1,2023-09-17
1822,7,108,5,2023-09-18
1823,4,104,3,2023-09-18
1824,2,101,1,2023-09-18
1825,7,107,5,2023-09-19
1826,8,101,1,2023-09-19
1827,3,102,4,2023-09-19
1828,7,106,5,2023-09-19
1829,9,101,2,2023-09-20
1830,10,108,3,2023-09-21
1831,1,102,3,2023-09-21
1832,10,101,2,2023-09-22
1833,6,101,2,2023-09-22
1834,10,103,4,2023-09-22
1835,2,105,2,2023-09-22
1836,10,104,5,2023-09-22
1837,9,106,4,2023-09-23
1838,3,102,5,2023-09-23
1839,6,101,1,2023-09-23
1840,7,104,1,2023-09-23
1841,10,110,5,2023-09-24
1842,7,106,1,2023-09-24
1843,5,108,4,2023-09-24
1844,6,109,4,2023-09-25
1845,7,103,5,2023-09-25
1846,2,110,3,2023-09-26
1847,4,102,1,2023-09-26
1848,5,103,4,2023-09-26
1849,3,107,3,2023-09-26
1850,2,102,1,2023-09-27
1851,5,108,3,2023-09-27
1852,5,102,2,2023-09-27
1853,3,107,4,2023-09-28
1854,9,109,4,2023-09-29
1855,2,101,1,2023-09-29
1856,6,109,1,2023-09-29
1857,10,110,3,2023-09-29
1858,7,101,3,2023-09-29
1859,7,102,5,2023-09-30
1860,4,110,5,2023-09-30
1861,3,107,2,2023-09-30
1862,3,105,3,2023-09-30
1863,8,103,1,2023-10-01
1864,3,107,3,2023-10-01
1865,7,105,4,2023-10-01
1866,6,105,2,2023-10-02
1867,10,110,2,2023-10-03
1868,8,102,2,2023-10-03
1869,5,101,4,2023-10-03
1870,6,110,4,2023-10-03
1871,8,106,4,2023-10-04
1872,10,103,3,2023-10-04
1873,6,110,2,2023-10-04
1874,6,103,4,2023-10-05
1875,6,105,4,2023-10-05
1876,10,104,3,2023-10-05
1877,7,105,4,2023-10-05
1878,2,110,2,2023-10-06
1879,10,109,2,2023-10-06
1880,9,101,4,2023-10-06
1881,8,105,1,2023-10-07
1882,7,108,2,2023-10-07
1883,4,105,2,2023-10-08
1884,7,107,1,2023-10-08
1885,8,110,4,2023-10-08
1886,7,109,5,2023-10-09
1887,7,109,1,2023-10-09
1888,6,109,5,2023-10-09
1889,2,102,2,2023-10-09
1890,6,103,5,2023-10-09
1891,10,107,3,2023-10-10
1892,2,101,1,2023-10-11
1893,5,104,5,2023-10-11
1894,9,109,5,2023-10-11
1895,10,104,4,2023-10-11
1896,7,108,5,2023-10-12
1897,9,103,3,2023-10-12
1898,1,108,1,2023-10-12
1899,7,102,1,2023-10-13
1900,3,106,3,2023-10-13
1901,6,108,2,2023-10-13
1902,8,106,4,2023-10-14
1903,2,108,4,2023-10-14
1904,6,102,3,2023-10-14
1905,1,102,1,2023-10-14
1906,6,102,2,2023-10-14
1907,9,103,5,2023-10-15
1908,3,106,5,2023-10-15
1909,8,104,4,2023-10-16
1910,3,103,4,2023-10-16
1911,7,101,5,2023-10-16
1912,4,108,5,2023-10-16
1913,7,101,2,2023-10-17
1914,4,105,1,2023-10-17
1915,10,102,5,2023-10-17
1916,3,106,3,2023-10-17
1917,8,102,3,2023-10-18
1918,8,109,3,2023-10-18
1919,7,110,4,2023-10-19
1920,10,102,3,2023-10-19
1921,6,108,5,2023-10-19
1922,3,105,5,2023-10-19
1923,10,102,2,2023-10-19
1924,2,104,3,2023-10-20
1925,2,103,3,2023-10-20
1926,3,109,4,2023-10-20
1927,10,103,5,2023-10-21
1928,7,107,2,2023-10-21
1929,8,109,2,2023-10-21
1930,9,103,4,2023-10-21
1931,3,103,3,2023-10-22
1932,8,110,1,2023-10-22
1933,6,101,4,2023-10-22
1934,4,107,5,2023-10-23
1935,9,108,4,2023-10-23
1936,7,108,4,2023-10-24
1937,3,102,5,2023-10-24
1938,1,104,3,2023-10-24
1939,1,105,2,2023-10-24
1940,5,103,4,2023-10-25
1941,10,108,5,2023-10-25
1942,9,102,5,2023-10-25
1943,2,105,5,2023-10-25
1944,6,109,1,2023-10-25
1945,9,104,4,2023-10-26
1946,2,104,3,2023-10-26
1947,1,108,3,2023-10-26
1948,6,102,4,2023-10-26
1949,4,104,5,2023-10-27
1950,10,107,2,2023-10-28
1951,10,103,2,2023-10-28
1952,4,101,5,2023-10-28
1953,9,105,5,2023-10-29
1954,9,103,3,2023-10-29
1955,5,105,5,2023-10-29
1956,9,102,2,2023-10-30
1957,7,101,3,2023-10-30
1958,3,103,2,2023-10-30
1959,6,104,4,2023-10-31
1960,8,103,5,2023-10-31
1001,1,101,1,2023-11-01
1002,2,102,2,2023-11-02
1003,1,105,1,2023-11-03
1004,3,103,1,2023-11-04
1005,4,104,1,2023-11-05
1006,5,106,2,2023-11-06
1007,2,107,1,2023-11-07
1008,6,108,1,2023-11-08
1009,7,101,1,2023-11-09
1010,8,110,3,2023-11-10
1011,3,105,1,2023-11-11
1012,9,102,4,2023-11-12
1013,10,109,1,2023-11-13
1014,1,106,1,2023-11-14
1015,4,107,2,2023-11-15
1016,5,103,1,2023-11-16
1017,6,101,1,2023-11-17
1018,7,104,1,2023-11-18
1019,8,105,1,2023-11-19
1020,9,108,1,2023-11-20
1961,7,107,4,2023-11-21
1962,2,102,4,2023-11-21
1963,9,105,3,2023-11-21
1964,8,106,5,2023-11-22
1965,1,102,4,2023-11-22
1966,6,102,5,2023-11-22
1967,7,104,4,2023-11-22
1968,8,105,3,2023-11-23
1969,5,106,5,2023-11-23
1970,3,110,4,2023-11-24
1971,6,101,1,2023-11-24
1972,2,108,1,2023-11-24
1973,2,103,4,2023-11-24
1974,8,101,4,2023-11-24
1975,3,105,2,2023-11-25
1976,5,102,3,2023-11-25
1977,2,106,2,2023-11-26
1978,1,107,3,2023-11-26
1979,4,107,1,2023-11-26
1980,1,104,4,2023-11-27
1981,3,110,2,2023-11-28
1982,8,101,1,2023-11-29
1983,6,102,4,2023-11-29
1984,3,108,1,2023-11-29
1985,4,107,1,2023-11-29
1986,2,102,3,2023-11-29
1987,5,103,4,2023-11-30
1988,3,103,1,2023-11-30
1989,9,110,1,2023-11-30
1990,3,108,3,2023-12-01
1991,4,103,4,2023-12-01
1992,10,108,2,2023-12-01
1993,2,102,2,2023-12-01
1994,2,110,4,2023-12-01
1995,7,106,2,2023-12-02
1996,4,105,1,2023-12-02
1997,4,109,5,2023-12-02
1998,10,105,1,2023-12-03
1999,5,104,5,2023-12-03
2000,10,109,2,2023-12-03
2001,7,105,1,2023-12-03
2002,4,108,4,2023-12-03
2003,4,108,5,2023-12-04
2004,9,101,3,2023-12-05
2005,3,107,5,2023-12-06
2006,7,106,5,2023-12-06
2007,3,108,1,2023-12-06
2008,10,102,1,2023-12-07
2009,4,101,1,2023-12-08
2010,7,109,3,2023-12-08
2011,9,107,4,2023-12-08
2012,2,109,5,2023-12-09
2013,10,103,3,2023-12-09
2014,2,105,1,2023-12-09
2015,9,104,2,2023-12-09
2016,6,107,5,2023-12-10
2017,2,105,4,2023-12-10
2018,4,101,2,2023-12-10
2019,2,107,1,2023-12-10
2020,8,110,5,2023-12-10
2021,5,103,1,2023-12-11
2022,3,101,2,2023-12-12
2023,6,109,5,2023-12-13
2024,5,103,3,2023-12-13
2025,3,105,1,2023-12-13
2026,1,106,4,2023-12-13
2027,9,102,3,2023-12-14
2028,10,102,4,2023-12-14
2029,8,109,3,2023-12-14
2030,8,110,2,2023-12-15
2031,3,105,1,2023-12-16
2032,10,102,2,2023-12-16
2033,9,101,1,2023-12-16
2034,4,101,4,2023-12-17
2035,7,103,2,2023-12-18
2036,1,109,4,2023-12-18
2037,4,106,2,2023-12-18
2038,6,105,1,2023-12-19
2039,10,106,1,2023-12-19
2040,9,101,2,2023-12-19
2041,4,109,1,2023-12-19
2042,2,108,3,2023-12-20
2043,5,106,1,2023-12-20
2044,9,108,1,2023-12-20
2045,6,104,3,2023-12-20
2046,5,110,2,2023-12-21
2047,8,106,5,2023-12-21
2048,8,104,5,2023-12-21
2049,4,103,1,2023-12-21
2050,7,101,2,2023-12-21
2051,6,101,3,2023-12-22
2052,1,107,3,2023-12-22
2053,2,104,5,2023-12-22
2054,4,107,4,2023-12-22
2055,1,103,3,2023-12-22
2056,1,104,5,2023-12-23
2057,6,108,1,2023-12-24
2058,10,102,5,2023-12-24
2059,3,107,1,2023-12-24
2060,10,110,1,2023-12-24
2061,3,104,3,2023-12-25
2062,5,106,4,2023-12-25
2063,6,106,4,2023-12-25
2064,5,104,1,2023-12-25
2065,3,110,1,2023-12-26
2066,3,102,2,2023-12-26
2067,8,106,4,2023-12-27
2068,2,109,3,2023-12-27
2069,4,108,3,2023-12-27
2070,8,105,1,2023-12-27
2071,3,105,5,2023-12-28
2072,4,106,2,2023-12-29
2073,4,106,4,2023-12-30
2074,1,105,3,2023-12-31
2075,3,101,4,2023-12-31
2076,8,109,5,2023-12-31
2077,4,102,4,2023-12-31
2078,2,103,1,2023-12-31
2079,1,104,2,2024-01-01
2080,7,106,1,2024-01-02
2081,10,110,3,2024-01-02
2082,1,102,2,2024-01-03
2083,3,102,3,2024-01-04
2084,2,101,4,2024-01-04
2085,1,103,5,2024-01-04
2086,7,107,4,2024-01-04
2087,7,107,2,2024-01-05
2088,4,103,3,2024-01-06
2089,5,108,2,2024-01-06
2090,1,110,5,2024-01-06
2091,4,105,4,2024-01-07
2092,7,109,4,2024-01-07
2093,1,102,3,2024-01-07
2094,7,103,4,2024-01-07
2095,4,109,2,2024-01-07
2096,1,107,3,2024-01-08
2097,8,109,4,2024-01-08
2098,6,110,5,2024-01-08
2099,6,107,3,2024-01-08
2100,3,101,3,2024-01-08
2101,4,101,3,2024-01-09
2102,1,108,5,2024-01-09
2103,6,110,2,2024-01-09
2104,3,102,2,2024-01-09
2105,4,105,5,2024-01-09
2106,4,110,4,2024-01-10
2107,3,103,2,2024-01-11
2108,10,106,3,2024-01-11
2109,10,101,3,2024-01-11
2110,10,103,5,2024-01-12
2111,4,108,5,2024-01-12
2112,5,103,4,2024-01-12
2113,1,102,1,2024-01-12
2114,4,110,2,2024-01-12
2115,9,108,1,2024-01-13
2116,10,104,2,2024-01-14
2117,6,103,3,2024-01-14
2118,1,101,2,2024-01-14
2119,3,102,5,2024-01-15
2120,6,102,3,2024-01-15
2121,7,110,1,2024-01-15
2122,6,105,3,2024-01-15
2123,3,103,4,2024-01-15
2124,6,103,5,2024-01-16
2125,10,106,2,2024-01-16
2126,10,103,4,2024-01-16
2127,5,105,2,2024-01-16
2128,1,110,4,2024-01-17
2129,10,101,2,2024-01-17
2130,6,110,2,2024-01-18
2131,10,102,4,2024-01-18
2132,3,106,1,2024-01-18
2133,4,106,3,2024-01-18
2134,3,102,3,2024-01-18
2135,1,105,2,2024-01-19
2136,4,102,3,2024-01-19
2137,5,102,1,2024-01-19
2138,1,107,4,2024-01-19
2139,3,107,4,2024-01-20
2140,7,106,5,2024-01-20
2141,7,102,4,2024-01-20
2142,10,104,2,2024-01-20
2143,2,101,3,2024-01-21
2144,1,106,3,2024-01-21
2145,2,102,3,2024-01-21
2146,3,107,2,2024-01-21
2147,9,102,3,2024-01-22
2148,10,108,1,2024-01-23
2149,7,103,5,2024-01-23
2150,7,103,1,2024-01-23
2151,2,106,2,2024-01-23
2152,4,107,5,2024-01-23
2153,5,105,3,2024-01-24
2154,4,102,1,2024-01-24
2155,7,110,5,2024-01-24
2156,8,103,1,2024-01-24
2157,6,101,4,2024-01-24
2158,5,110,4,2024-01-25
2159,2,101,2,2024-01-26
2160,3,105,1,2024-01-26
2161,2,105,4,2024-01-27
2162,8,108,3,2024-01-27
2163,2,109,4,2024-01-27
2164,3,106,4,2024-01-27
2165,3,108,1,2024-01-28
2166,5,108,4,2024-01-28
2167,5,104,3,2024-01-28
2168,1,103,1,2024-01-29
2169,2,106,5,2024-01-29
2170,7,110,2,2024-01-29
2171,9,101,4,2024-01-29
2172,9,107,5,2024-01-29
2173,10,104,4,2024-01-30
2174,5,102,4,2024-01-30
2175,1,109,5,2024-01-30
2176,9,110,5,2024-01-30
2177,2,108,2,2024-01-31
2178,3,104,2,2024-01-31
2179,1,107,1,2024-02-01
2180,7,104,2,2024-02-01
2181,5,106,1,2024-02-02
2182,2,107,5,2024-02-02
2183,7,109,3,2024-02-02
2184,5,109,4,2024-02-02
2185,1,110,5,2024-02-02
2186,7,102,4,2024-02-03
2187,3,103,5,2024-02-03
2188,10,110,1,2024-02-03
2189,2,110,1,2024-02-03
2190,5,109,3,2024-02-03
2191,5,107,4,2024-02-04
2192,10,110,4,2024-02-04
2193,1,103,3,2024-02-04
2194,7,103,5,2024-02-04
2195,7,101,4,2024-02-05
2196,6,104,1,2024-02-05
2197,8,105,3,2024-02-05
2198,1,106,3,2024-02-05
2199,5,105,4,2024-02-05
2200,4,103,3,2024-02-06
2201,6,105,4,2024-02-07
2202,10,102,2,2024-02-07
2203,8,104,4,2024-02-07
2204,8,109,3,2024-02-07
2205,9,103,1,2024-02-08
2206,9,107,2,2024-02-09
2207,9,110,1,2024-02-09
2208,3,104,2,2024-02-09
2209,4,101,4,2024-02-10
2210,6,104,3,2024-02-11
2211,8,109,4,2024-02-12
2212,2,101,2,2024-02-12
2213,6,108,5,2024-02-12
2214,3,108,5,2024-02-13
2215,9,106,3,2024-02-13
2216,3,105,1,2024-02-13
2217,5,101,4,2024-02-13
2218,3,110,2,2024-02-14
2219,4,104,3,2024-02-15
2220,7,109,1,2024-02-15
2221,8,103,2,2024-02-16
2222,1,104,3,2024-02-17
2223,10,105,3,2024-02-17
2224,7,107,3,2024-02-17
2225,8,105,2,2024-02-17
2226,8,105,5,2024-02-17
2227,7,110,1,2024-02-18
2228,1,109,3,2024-02-18
2229,9,110,5,2024-02-18
2230,5,105,1,2024-02-18
2231,8,102,3,2024-02-18
2232,6,105,3,2024-02-19
2233,5,104,2,2024-02-19
2234,9,104,1,2024-02-19
2235,7,106,2,2024-02-20
2236,1,108,3,2024-02-20
2237,5,107,4,2024-02-20
2238,7,101,5,2024-02-20
2239,10,104,3,2024-02-20
2240,9,108,3,2024-02-21
2241,9,105,2,2024-02-21
2242,3,105,1,2024-02-22
2243,8,103,3,2024-02-22
2244,9,103,3,2024-02-22
2245,2,104,3,2024-02-22
2246,4,105,4,2024-02-22
2247,6,105,5,2024-02-23
2248,5,108,1,2024-02-23
2249,8,101,5,2024-02-23
2250,10,102,4,2024-02-24
2251,4,109,1,2024-02-24
2252,7,109,3,2024-02-24
2253,7,101,2,2024-02-24
2254,3,104,3,2024-02-24
2255,10,108,2,2024-02-25
2256,6,103,1,2024-02-25
2257,8,106,2,2024-02-25
2258,6,101,1,2024-02-25
2259,5,104,2,2024-02-26
2260,10,103,4,2024-02-26
2261,2,103,5,2024-02-26
2262,7,107,4,2024-02-26
2263,8,107,1,2024-02-27
2264,1,109,2,2024-02-27
2265,6,101,3,2024-02-27
2266,9,104,1,2024-02-27
2267,4,104,3,2024-02-28
2268,3,102,4,2024-02-29
2269,9,110,3,2024-02-29
2270,3,102,1,2024-02-29
2271,5,108,5,2024-03-01
2272,10,109,3,2024-03-01
2273,7,103,3,2024-03-01
2274,6,104,2,2024-03-02
2275,7,101,2,2024-03-02
2276,4,103,2,2024-03-02
2277,1,110,5,2024-03-02
2278,2,106,1,2024-03-03
2279,7,105,5,2024-03-03
2280,1,110,1,2024-03-04
2281,2,101,1,2024-03-04
2282,2,107,4,2024-03-04
2283,7,102,5,2024-03-04
2284,5,108,2,2024-03-04
2285,1,105,4,2024-03-05
2286,2,109,3,2024-03-05
2287,10,103,4,2024-03-06
2288,2,109,5,2024-03-06
2289,2,105,1,2024-03-06
2290,2,108,2,2024-03-06
2291,10,104,3,2024-03-06
2292,4,106,4,2024-03-07
2293,5,103,1,2024-03-07
2294,9,108,2,2024-03-07
2295,8,106,2,2024-03-07
2296,1,101,1,2024-03-07
2297,10,108,2,2024-03-08
2298,9,102,1,2024-03-09
2299,4,108,3,2024-03-10
2300,5,108,1,2024-03-10
2301,2,103,1,2024-03-10
2302,6,106,4,2024-03-11
2303,2,102,1,2024-03-11
2304,1,103,2,2024-03-11
2305,6,108,5,2024-03-12
2306,5,102,3,2024-03-12
2307,6,103,1,2024-03-12
2308,7,108,3,2024-03-13
2309,7,108,4,2024-03-13
2310,3,102,2,2024-03-13
2311,1,103,1,2024-03-13
2312,10,108,5,2024-03-14
2313,8,103,5,2024-03-14
2314,7,106,5,2024-03-14
2315,1,103,4,2024-03-14
2316,2,107,4,2024-03-15
2317,1,102,3,2024-03-15
2318,6,101,5,2024-03-15
2319,10,110,2,2024-03-15
2320,9,109,5,2024-03-16
2321,2,107,2,2024-03-16
2322,8,106,4,2024-03-16
2323,9,110,1,2024-03-17
2324,1,103,5,2024-03-17
2325,8,103,1,2024-03-18
2326,8,106,2,2024-03-18
2327,6,105,1,2024-03-18
2328,9,104,5,2024-03-18
2329,7,104,1,2024-03-19
2330,8,108,5,2024-03-19
2331,8,102,4,2024-03-19
2332,8,106,1,2024-03-19
2333,1,102,4,2024-03-20
2334,7,101,5,2024-03-20
2335,9,101,1,2024-03-20
2336,10,110,3,2024-03-20
2337,9,104,4,2024-03-21
2338,6,106,1,2024-03-21
2339,4,108,3,2024-03-21
2340,9,110,5,2024-03-21
2341,8,106,4,2024-03-21
2342,2,104,1,2024-03-22
2343,6,105,5,2024-03-23
2344,9,106,1,2024-03-23
2345,1,103,4,2024-03-23
2346,7,102,3,2024-03-24
2347,10,104,2,2024-03-24
2348,7,104,4,2024-03-25
2349,6,102,4,2024-03-26
2350,1,110,1,2024-03-26
2351,8,110,5,2024-03-27
2352,3,108,1,2024-03-27
2353,9,101,5,2024-03-27
2354,7,110,4,2024-03-27
2355,3,110,2,2024-03-28
2356,3,102,4,2024-03-28
2357,10,110,3,2024-03-28
2358,9,107,4,2024-03-28
2359,10,104,3,2024-03-28
2360,6,105,4,2024-03-29
2361,3,103,4,2024-03-29
2362,10,109,3,2024-03-29
2363,9,106,5,2024-03-29
2364,4,104,5,2024-03-30
2365,5,106,2,2024-03-30
2366,9,109,3,2024-03-31
2367,2,106,5,2024-03-31
2368,10,110,4,2024-04-01
2369,9,105,4,2024-04-01
2370,1,109,1,2024-04-01
2371,1,107,2,2024-04-01
2372,1,104,3,2024-04-02
2373,5,105,2,2024-04-03
2374,1,105,2,2024-04-03
2375,1,106,4,2024-04-04
2376,2,110,5,2024-04-04
2377,4,109,4,2024-04-04
2378,4,109,3,2024-04-04
2379,1,107,4,2024-04-04
2380,6,109,1,2024-04-05
2381,1,105,2,2024-04-05
2382,10,108,2,2024-04-05
2383,6,110,5,2024-04-05
2384,4,104,3,2024-04-06
2385,8,103,1,2024-04-06
2386,3,103,5,2024-04-06
2387,2,107,1,2024-04-06
2388,7,105,5,2024-04-06
2389,3,103,5,2024-04-07
2390,5,101,3,2024-04-07
2391,8,103,1,2024-04-07
2392,6,110,1,2024-04-08
2393,10,105,4,2024-04-08
2394,9,106,1,2024-04-09
2395,6,109,2,2024-04-09
2396,3,109,1,2024-04-09
2397,9,103,4,2024-04-09
2398,9,109,4,2024-04-09
2399,6,104,2,2024-04-10
2400,6,106,3,2024-04-11
2401,4,110,5,2024-04-11
2402,8,109,1,2024-04-11
2403,6,108,2,2024-04-12
2404,10,104,1,2024-04-13
2405,6,107,1,2024-04-13
2406,7,105,5,2024-04-13
2407,5,101,5,2024-04-13
2408,6,109,5,2024-04-13
2409,8,101,3,2024-04-14
2410,4,106,5,2024-04-14
2411,2,102,2,2024-04-14
2412,9,109,1,2024-04-14
2413,4,104,4,2024-04-15
2414,4,109,4,2024-04-16
2415,3,101,4,2024-04-17
2416,1,102,1,2024-04-18
2417,1,103,3,2024-04-18
2418,9,102,5,2024-04-18
2419,5,107,4,2024-04-19
2420,8,107,4,2024-04-19
2421,1,107,1,2024-04-20
2422,9,101,5,2024-04-20
2423,2,110,1,2024-04-20
2424,6,109,1,2024-04-21
2425,5,110,1,2024-04-22
2426,5,108,4,2024-04-22
2427,7,101,4,2024-04-22
2428,9,104,2,2024-04-23
2429,7,109,3,2024-04-23
2430,5,106,1,2024-04-24
2431,9,109,2,2024-04-24
2432,1,101,5,2024-04-25
2433,7,109,5,2024-04-26
2434,2,105,2,2024-04-26
2435,6,104,4,2024-04-26
2436,9,103,2,2024-04-26
2437,3,104,5,2024-04-26
2438,4,102,2,2024-04-27
2439,10,101,5,2024-04-27
2440,8,109,1,2024-04-27
2441,2,105,1,2024-04-28
2442,4,110,4,2024-04-28
2443,6,106,2,2024-04-28
2444,2,105,5,2024-04-29
2445,2,104,3,2024-04-29
2446,8,106,5,2024-04-30
2447,5,110,2,2024-04-30
2448,10,110,3,2024-04-30
2449,6,107,2,2024-04-30
2450,6,104,2,2024-05-01
2451,5,106,2,2024-05-02
2452,6,108,4,2024-05-02
2453,8,106,3,2024-05-02
2454,8,109,1,2024-05-02
2455,10,102,3,2024-05-03
2456,3,109,2,2024-05-03
2457,2,102,1,2024-05-04
2458,9,101,5,2024-05-04
2459,10,107,5,2024-05-04
2460,1,109,3,2024-05-05
2461,9,109,4,2024-05-05
2462,6,107,2,2024-05-06
2463,10,105,2,2024-05-06
2464,9,109,1,2024-05-07
2465,7,106,5,2024-05-07
2466,1,104,5,2024-05-07
2467,3,109,2,2024-05-07
2468,3,103,5,2024-05-08
2469,10,103,4,2024-05-08
2470,6,101,2,2024-05-08
2471,8,104,1,2024-05-08
2472,6,104,1,2024-05-09
2473,4,109,3,2024-05-09
2474,7,108,4,2024-05-09
2475,1,106,1,2024-05-10
2476,5,105,5,2024-05-11
2477,9,110,2,2024-05-11
2478,7,107,3,2024-05-11
2479,10,102,5,2024-05-11
2480,5,107,2,2024-05-11
2481,7,106,3,2024-05-12
2482,8,108,5,2024-05-12
2483,1,109,2,2024-05-12
2484,8,103,2,2024-05-12
2485,2,109,3,2024-05-12
2486,3,103,2,2024-05-13
2487,6,110,1,2024-05-13
2488,7,106,1,2024-05-14
2489,8,108,4,2024-05-14
2490,10,103,4,2024-05-15
2491,1,104,1,2024-05-15
2492,10,110,2,2024-05-16
2493,3,109,1,2024-05-16
2494,3,101,2,2024-05-17
2495,5,103,5,2024-05-17
2496,7,110,5,2024-05-17
2497,1,105,1,2024-05-17
2498,4,108,5,2024-05-17
2499,8,103,2,2024-05-18
2500,7,110,2,2024-05-18
2501,10,103,5,2024-05-18
2502,9,105,2,2024-05-18
2503,8,110,5,2024-05-19
2504,2,104,4,2024-05-19
2505,7,103,1,2024-05-19
2506,4,109,5,2024-05-20
2507,3,110,1,2024-05-21
2508,3,108,5,2024-05-21
2509,10,101,5,2024-05-21
2510,9,102,1,2024-05-21
2511,3,110,5,2024-05-22
2512,1,107,5,2024-05-22
2513,7,106,1,2024-05-22
2514,9,107,2,2024-05-22
2515,7,106,5,2024-05-23
2516,10,102,4,2024-05-23
2517,3,105,4,2024-05-23
2518,4,102,3,2024-05-23
2519,9,107,3,2024-05-24
2520,4,101,1,2024-05-24
2521,10,109,1,2024-05-24
2522,9,101,4,2024-05-24
2523,4,106,4,2024-05-24
2524,2,103,4,2024-05-25
2525,10,105,3,2024-05-25
2526,9,107,5,2024-05-25
2527,10,105,4,2024-05-26
2528,4,107,5,2024-05-26
2529,9,108,2,2024-05-26
2530,9,109,4,2024-05-27
2531,5,105,5,2024-05-27
2532,6,107,2,2024-05-27
2533,4,108,2,2024-05-28
2534,4,109,4,2024-05-29
2535,9,110,1,2024-05-30
2536,3,107,1,2024-05-30
2537,2,103,4,2024-05-30
2538,7,102,1,2024-05-31
2539,5,104,3,2024-05-31
2540,2,110,1,2024-05-31
2541,7,107,5,2024-05-31
2542,9,105,5,2024-05-31
2543,3,108,4,2024-06-01
2544,4,109,3,2024-06-02
2545,1,110,5,2024-06-03
2546,9,104,5,2024-06-03
2547,1,106,2,2024-06-04
2548,1,103,1,2024-06-04
2549,7,106,4,2024-06-05
2550,7,110,2,2024-06-05
2551,9,101,1,2024-06-05
2552,9,105,5,2024-06-06
2553,6,106,3,2024-06-07
2554,4,110,2,2024-06-07
2555,8,107,5,2024-06-07
2556,1,105,2,2024-06-07
2557,7,109,1,2024-06-07
2558,2,109,3,2024-06-08
2559,6,102,5,2024-06-08
2560,5,109,5,2024-06-08
2561,5,108,4,2024-06-08
2562,10,108,2,2024-06-08
2563,8,108,5,2024-06-09
2564,1,108,1,2024-06-09
2565,5,102,4,2024-06-09
2566,4,106,4,2024-06-10
2567,6,109,5,2024-06-10
2568,5,104,3,2024-06-11
2569,7,106,1,2024-06-12
2570,3,108,3,2024-06-13
2571,6,104,5,2024-06-13
2572,5,103,2,2024-06-13
2573,8,104,2,2024-06-13
2574,4,105,2,2024-06-13
2575,4,104,5,2024-06-14
2576,6,103,1,2024-06-14
2577,2,108,5,2024-06-15
2578,9,101,4,2024-06-16
2579,10,106,4,2024-06-17
2580,10,105,4,2024-06-17
2581,3,109,3,2024-06-17
2582,4,110,2,2024-06-18
2583,1,109,4,2024-06-18
2584,8,109,1,2024-06-18
2585,9,106,4,2024-06-18
2586,8,102,5,2024-06-19
2587,8,106,1,2024-06-19
2588,4,107,5,2024-06-20
2589,6,106,5,2024-06-21
2590,3,109,3,2024-06-22
2591,4,105,4,2024-06-22
2592,10,106,3,2024-06-22
2593,8,107,2,2024-06-23
2594,7,106,3,2024-06-23
2595,5,108,2,2024-06-24
2596,10,103,5,2024-06-24
2597,4,102,3,2024-06-24
2598,4,109,4,2024-06-24
2599,4,103,2,2024-06-25
2600,8,101,2,2024-06-25
2601,7,108,2,2024-06-25
2602,9,109,3,2024-06-25
2603,5,105,5,2024-06-26
2604,10,101,4,2024-06-26
2605,2,103,1,2024-06-26
2606,4,105,4,2024-06-26
2607,8,106,3,2024-06-27
2608,6,109,5,2024-06-28
2609,5,106,1,2024-06-28
2610,7,102,3,2024-06-28
2611,4,110,5,2024-06-29
2612,9,103,3,2024-06-29
2613,6,106,5,2024-06-29
2614,8,108,1,2024-06-29
2615,7,110,3,2024-06-29
2616,3,103,3,2024-06-30
2617,7,110,5,2024-06-30
2618,7,102,1,2024-06-30
2619,3,106,2,2024-06-30
2620,6,105,3,2024-07-01
2621,10,107,3,2024-07-01
2622,8,106,5,2024-07-01
2623,8,107,2,2024-07-02
2624,3,101,2,2024-07-02
2625,4,105,1,2024-07-02
2626,4,103,4,2024-07-02
2627,2,102,1,2024-07-02
2628,9,101,1,2024-07-03
2629,7,109,1,2024-07-03
2630,2,105,5,2024-07-03
2631,3,102,4,2024-07-03
2632,4,104,3,2024-07-04
2633,8,103,2,2024-07-04
2634,9,103,1,2024-07-04
2635,6,106,4,2024-07-05
2636,9,105,5,2024-07-06
2637,8,103,5,2024-07-06
2638,3,110,5,2024-07-06
2639,8,110,4,2024-07-06
2640,9,105,3,2024-07-07
2641,8,109,2,2024-07-07
2642,2,108,3,2024-07-07
2643,6,107,3,2024-07-07
2644,3,105,1,2024-07-07
2645,9,103,3,2024-07-08
2646,8,109,1,2024-07-09
2647,8,108,3,2024-07-09
2648,1,107,3,2024-07-09
2649,4,101,5,2024-07-10
2650,6,104,4,2024-07-10
2651,9,107,4,2024-07-10
2652,4,103,4,2024-07-10
2653,7,104,3,2024-07-10
2654,7,104,5,2024-07-11
2655,5,105,5,2024-07-12
2656,5,107,2,2024-07-12
2657,2,103,2,2024-07-12
2658,5,102,4,2024-07-12
2659,10,108,3,2024-07-12
2660,8,104,3,2024-07-13
2661,1,103,1,2024-07-13
2662,9,101,2,2024-07-13
2663,2,105,3,2024-07-13
2664,3,108,1,2024-07-13
2665,2,103,1,2024-07-14
2666,8,104,3,2024-07-14
2667,5,108,3,2024-07-15
2668,8,101,3,2024-07-15
2669,2,103,1,2024-07-15
2670,5,107,1,2024-07-15
2671,8,103,2,2024-07-16
2672,5,107,1,2024-07-16
2673,2,104,4,2024-07-16
2674,8,104,1,2024-07-16
2675,4,108,1,2024-07-16
2676,4,108,4,2024-07-17
2677,5,106,2,2024-07-17
2678,1,109,5,2024-07-17
2679,2,105,4,2024-07-17
2680,5,104,3,2024-07-17
2681,4,102,2,2024-07-18
2682,6,101,2,2024-07-19
2683,5,110,1,2024-07-19
2684,7,104,1,2024-07-19
2685,1,110,4,2024-07-19
2686,3,106,1,2024-07-20
2687,4,103,4,2024-07-20
2688,2,110,3,2024-07-20
2689,1,101,3,2024-07-20
2690,3,109,1,2024-07-20
2691,8,104,3,2024-07-21
2692,9,106,4,2024-07-21
2693,1,107,3,2024-07-22
2694,3,105,1,2024-07-22
2695,8,109,3,2024-07-23
2696,9,108,2,2024-07-23
2697,10,103,5,2024-07-23
2698,6,106,4,2024-07-23
2699,10,109,2,2024-07-24
2700,2,109,2,2024-07-24
2701,8,105,3,2024-07-24
2702,6,108,1,2024-07-25
2703,9,107,2,2024-07-25
2704,1,110,3,2024-07-25
2705,10,104,3,2024-07-25
2706,2,109,4,2024-07-25
2707,9,108,5,2024-07-26
2708,3,110,3,2024-07-26
2709,7,106,1,2024-07-27
2710,2,109,1,2024-07-27
2711,1,103,2,2024-07-27
2712,4,102,4,2024-07-28
2713,2,101,5,2024-07-29
2714,7,108,5,2024-07-29
2715,10,105,1,2024-07-30
2716,6,104,5,2024-07-30
2717,2,101,2,2024-07-30
2718,8,102,4,2024-07-30
2719,1,106,5,2024-07-30
2720,6,101,5,2024-07-31
2721,5,109,1,2024-07-31
2722,2,105,1,2024-07-31
2723,4,109,1,2024-07-31
2724,4,109,4,2024-08-01
2725,4,109,2,2024-08-02
2726,10,103,5,2024-08-02
2727,7,102,5,2024-08-03
2728,6,108,4,2024-08-03
2729,2,103,2,2024-08-03
2730,9,107,5,2024-08-03
2731,6,103,5,2024-08-03
2732,8,106,3,2024-08-04
2733,9,106,3,2024-08-04
2734,7,107,3,2024-08-04
2735,10,104,5,2024-08-04
2736,9,104,4,2024-08-04
2737,5,106,4,2024-08-05
2738,8,107,1,2024-08-05
2739,1,105,5,2024-08-05
2740,1,109,2,2024-08-05
2741,5,101,3,2024-08-05
2742,4,106,1,2024-08-06
2743,5,109,5,2024-08-06
2744,10,110,2,2024-08-07
2745,2,101,4,2024-08-07
2746,6,103,2,2024-08-07
2747,5,106,5,2024-08-07
2748,4,104,3,2024-08-07
2749,2,110,4,2024-08-08
2750,10,104,1,2024-08-08
2751,6,108,2,2024-08-08
2752,10,102,5,2024-08-09
2753,5,101,5,2024-08-09
2754,7,102,1,2024-08-09
2755,6,106,4,2024-08-09
2756,2,104,5,2024-08-10
2757,1,107,1,2024-08-10
2758,5,109,1,2024-08-10
2759,6,109,5,2024-08-10
2760,6,109,2,2024-08-11
2761,3,101,4,2024-08-11
2762,10,110,5,2024-08-12
2763,2,104,4,2024-08-12
2764,5,107,2,2024-08-12
2765,3,106,1,2024-08-12
2766,10,101,5,2024-08-13
2767,7,105,1,2024-08-13
2768,7,109,4,2024-08-13
2769,3,103,4,2024-08-13
2770,4,108,4,2024-08-14
2771,10,104,5,2024-08-14
2772,10,109,2,2024-08-14
2773,4,102,3,2024-08-14
2774,7,106,5,2024-08-14
2775,2,107,4,2024-08-15
2776,6,104,3,2024-08-16
2777,6,110,1,2024-08-16
2778,5,103,3,2024-08-16
2779,8,110,2,2024-08-17
2780,8,101,2,2024-08-17
2781,4,106,2,2024-08-17
2782,2,102,1,2024-08-17
2783,4,110,2,2024-08-17
2784,1,106,1,2024-08-18
2785,5,108,4,2024-08-18
2786,1,106,2,2024-08-18
2787,4,104,5,2024-08-19
2788,9,105,5,2024-08-19
2789,8,110,2,2024-08-19
2790,1,107,5,2024-08-19
2791,9,101,3,2024-08-19
2792,1,105,2,2024-08-20
2793,10,105,1,2024-08-20
2794,1,102,4,2024-08-21
2795,5,106,1,2024-08-21
2796,1,105,4,2024-08-21
2797,4,107,5,2024-08-21
2798,6,108,5,2024-08-22
2799,2,103,2,2024-08-23
2800,9,108,5,2024-08-23
2801,1,101,2,2024-08-23
2802,9,105,3,2024-08-23
2803,8,107,2,2024-08-23
2804,6,106,3,2024-08-24
2805,4,109,3,2024-08-25
2806,1,105,4,2024-08-25
2807,1,109,3,2024-08-25
2808,3,106,4,2024-08-26
2809,3,102,4,2024-08-26
2810,10,104,4,2024-08-27
2811,4,110,2,2024-08-27
2812,7,105,5,2024-08-27
2813,6,108,5,2024-08-27
2814,3,104,2,2024-08-27
2815,9,104,2,2024-08-28
2816,5,109,2,2024-08-28
2817,7,103,5,2024-08-28
2818,3,106,1,2024-08-28
2819,9,109,1,2024-08-28
2820,6,103,1,2024-08-29
2821,6,107,4,2024-08-29
2822,8,105,2,2024-08-30
2823,4,102,2,2024-08-30
2824,3,101,5,2024-08-30
2825,5,110,5,2024-08-31
2826,10,104,5,2024-08-31
2827,4,104,1,2024-08-31
2828,6,102,4,2024-08-31
2829,3,109,5,2024-08-31
2830,6,103,4,2024-09-01
2831,8,108,2,2024-09-01
2832,3,104,2,2024-09-01
2833,1,107,1,2024-09-01
2834,7,104,2,2024-09-02
2835,4,102,2,2024-09-02
2836,8,110,4,2024-09-02
2837,8,104,4,2024-09-03
2838,7,101,5,2024-09-03
2839,7,106,4,2024-09-03
2840,10,110,5,2024-09-04
2841,9,101,5,2024-09-04
2842,2,108,4,2024-09-04
2843,1,104,5,2024-09-04
2844,9,107,1,2024-09-04
2845,7,109,1,2024-09-05
2846,4,105,4,2024-09-05
2847,7,105,3,2024-09-05
2848,8,103,4,2024-09-05
2849,5,110,1,2024-09-05
2850,3,108,4,2024-09-06
2851,2,109,1,2024-09-06
2852,3,110,5,2024-09-06
2853,3,107,4,2024-09-06
2854,6,108,1,2024-09-06
2855,8,110,2,2024-09-07
2856,8,102,3,2024-09-07
2857,3,102,1,2024-09-08
2858,2,108,3,2024-09-08
2859,2,109,4,2024-09-08
2860,10,103,4,2024-09-09
2861,9,107,1,2024-09-09
2862,3,106,5,2024-09-09
2863,3,103,2,2024-09-09
2864,3,101,4,2024-09-09
2865,5,108,3,2024-09-10
2866,3,102,2,2024-09-10
2867,4,101,5,2024-09-10
2868,1,108,4,2024-09-11
2869,8,109,1,2024-09-11
2870,10,108,2,2024-09-11
2871,10,108,4,2024-09-12
2872,7,108,1,2024-09-12
2873,10,101,2,2024-09-13
2874,9,105,5,2024-09-13
2875,9,104,1,2024-09-13
2876,3,103,1,2024-09-13
2877,6,101,2,2024-09-13
2878,10,110,3,2024-09-14
2879,2,101,1,2024-09-15
2880,7,103,2,2024-09-15
2881,5,110,5,2024-09-15
2882,9,103,4,2024-09-16
2883,10,106,1,2024-09-16
2884,2,105,3,2024-09-16
2885,6,107,1,2024-09-16
2886,7,109,1,2024-09-16
2887,8,103,1,2024-09-17
2888,5,106,5,2024-09-17
2889,7,109,2,2024-09-17
2890,10,101,1,2024-09-18
2891,10,109,1,2024-09-18
2892,10,105,4,2024-09-19
2893,10,106,3,2024-09-19
2894,9,110,5,2024-09-19
2895,6,103,5,2024-09-19
2896,8,109,4,2024-09-20
2897,8,103,5,2024-09-20
2898,4,105,2,2024-09-20
2899,1,102,1,2024-09-20
2900,8,102,2,2024-09-20
2901,7,107,1,2024-09-21
2902,6,106,5,2024-09-21
2903,4,101,2,2024-09-21
2904,5,105,1,2024-09-21
2905,5,105,5,2024-09-21
2906,6,101,1,2024-09-22
2907,6,106,4,2024-09-22
2908,10,110,1,2024-09-22
2909,3,104,3,2024-09-22
2910,6,108,4,2024-09-22
2911,3,108,2,2024-09-23
2912,9,106,4,2024-09-24
2913,7,101,5,2024-09-24
2914,5,110,3,2024-09-24
2915,9,109,1,2024-09-24
2916,10,106,3,2024-09-25
2917,2,103,3,2024-09-25
2918,6,107,5,2024-09-26
2919,10,110,4,2024-09-27
2920,3,110,1,2024-09-27
2921,6,101,3,2024-09-28
2922,7,102,4,2024-09-28
2923,4,106,4,2024-09-28
2924,4,109,3,2024-09-29
2925,3,102,3,2024-09-29
2926,1,104,1,2024-09-29
2927,9,101,4,2024-09-30
2928,9,103,2,2024-09-30
2929,6,108,5,2024-09-30
2930,5,106,2,2024-09-30
2931,9,103,2,2024-10-01
2932,8,107,5,2024-10-02
2933,1,105,1,2024-10-03
2934,2,106,4,2024-10-04
2935,1,102,5,2024-10-04
2936,5,101,5,2024-10-04
2937,5,104,3,2024-10-04
2938,4,104,3,2024-10-04
2939,9,106,4,2024-10-05
2940,2,105,2,2024-10-05
2941,3,105,1,2024-10-05
2942,10,109,5,2024-10-06
2943,4,109,3,2024-10-07
2944,6,105,2,2024-10-08
2945,5,110,2,2024-10-08
2946,3,102,3,2024-10-08
2947,10,106,5,2024-10-08
2948,8,101,2,2024-10-08
2949,8,101,1,2024-10-09
2950,1,102,4,2024-10-10
2951,7,103,5,2024-10-10
2952,10,108,5,2024-10-10
2953,6,105,3,2024-10-10
2954,9,102,4,2024-10-11
2955,10,103,1,2024-10-11
2956,2,108,3,2024-10-12
2957,8,108,2,2024-10-12
2958,4,103,5,2024-10-12
2959,5,106,4,2024-10-12
2960,6,106,4,2024-10-13
2961,8,101,1,2024-10-13
2962,2,106,4,2024-10-14
2963,8,103,3,2024-10-14
2964,6,110,5,2024-10-14
2965,3,109,1,2024-10-14
2966,2,106,5,2024-10-15
2967,2,105,5,2024-10-15
2968,8,107,5,2024-10-15
2969,7,104,5,2024-10-15
2970,9,103,4,2024-10-16
2971,7,102,3,2024-10-16
2972,10,107,4,2024-10-17
2973,10,106,5,2024-10-17
2974,3,102,5,2024-10-18
2975,8,102,5,2024-10-18
2976,8,106,5,2024-10-19
2977,2,108,2,2024-10-19
2978,5,107,1,2024-10-19
2979,10,102,5,2024-10-19
2980,7,106,4,2024-10-19
2981,2,104,2,2024-10-20
2982,1,103,2,2024-10-21
2983,8,109,3,2024-10-21
2984,7,110,5,2024-10-21
2985,8,104,2,2024-10-21
2986,6,105,5,2024-10-21
2987,7,106,1,2024-10-22
2988,10,101,5,2024-10-22
2989,9,107,2,2024-10-22
2990,1,106,5,2024-10-23
2991,1,101,5,2024-10-23
2992,6,102,3,2024-10-23
2993,4,107,5,2024-10-24
2994,6,107,4,2024-10-25
2995,7,107,5,2024-10-25
2996,4,103,4,2024-10-25
2997,3,104,5,2024-10-25
2998,6,107,2,2024-10-26
2999,5,103,2,2024-10-26
3000,1,102,1,2024-10-26
3001,3,108,4,2024-10-26
3002,2,103,4,2024-10-27
3003,8,110,4,2024-10-27
3004,3,108,5,2024-10-28
3005,7,109,4,2024-10-28
3006,7,106,2,2024-10-28
3007,3,107,5,2024-10-28
3008,1,110,4,2024-10-28
3009,9,105,4,2024-10-29
3010,9,110,3,2024-10-29
3011,1,110,4,2024-10-30
3012,2,110,4,2024-10-31
3013,2,103,5,2024-10-31
3014,5,108,5,2024-10-31
3015,9,110,1,2024-11-01
3016,8,102,5,2024-11-02
3017,10,105,5,2024-11-02
3018,6,109,1,2024-11-03
3019,8,109,4,2024-11-04
3020,10,106,4,2024-11-04
3021,6,105,3,2024-11-04
3022,3,101,5,2024-11-04
3023,10,105,1,2024-11-05
3024,8,110,2,2024-11-05
3025,10,101,3,2024-11-05
3026,1,105,4,2024-11-06
3027,2,103,5,2024-11-06
3028,2,105,3,2024-11-06
3029,3,110,3,2024-11-06
3030,5,105,1,2024-11-06
3031,10,103,5,2024-11-07
3032,8,106,2,2024-11-08
3033,5,104,4,2024-11-08
3034,9,101,3,2024-11-09
3035,2,103,5,2024-11-09
3036,8,107,4,2024-11-10
3037,4,108,2,2024-11-10
3038,10,106,1,2024-11-11
3039,5,102,1,2024-11-11
3040,8,107,4,2024-11-12
3041,5,108,5,2024-11-12
3042,7,107,4,2024-11-13
3043,5,103,5,2024-11-13
3044,1,105,4,2024-11-14
3045,7,106,5,2024-11-14
3046,1,102,5,2024-11-14
3047,6,107,5,2024-11-14
3048,6,105,3,2024-11-15
3049,2,105,5,2024-11-15
3050,7,108,2,2024-11-15
3051,4,109,3,2024-11-16
3052,3,106,5,2024-11-16
3053,1,101,1,2024-11-16
3054,1,107,1,2024-11-16
3055,9,102,4,2024-11-16
3056,4,105,3,2024-11-17
3057,4,101,1,2024-11-17
3058,10,102,1,2024-11-17
3059,4,110,1,2024-11-18
3060,2,102,5,2024-11-18
3061,3,107,5,2024-11-18
3062,3,102,2,2024-11-18
3063,5,105,4,2024-11-18
3064,8,105,4,2024-11-19
3065,5,103,1,2024-11-20
3066,5,101,4,2024-11-20
3067,7,106,1,2024-11-20
3068,5,103,4,2024-11-21
3069,2,108,2,2024-11-21
3070,10,107,2,2024-11-21
3071,2,103,5,2024-11-22
3072,7,104,5,2024-11-22
3073,2,108,3,2024-11-22
3074,2,101,1,2024-11-22
3075,10,105,4,2024-11-23
3076,8,103,1,2024-11-24
3077,7,105,2,2024-11-25
3078,7,110,1,2024-11-26
3079,9,108,4,2024-11-26
3080,7,107,1,2024-11-26
3081,4,101,4,2024-11-27
3082,8,102,5,2024-11-27
3083,9,106,3,2024-11-27
3084,5,107,1,2024-11-27
3085,2,106,5,2024-11-27
3086,2,108,3,2024-11-28
3087,4,103,5,2024-11-28
3088,1,107,2,2024-11-28
3089,7,102,3,2024-11-29
3090,8,102,4,2024-11-29
3091,4,103,1,2024-11-29
3092,1,110,2,2024-11-30
3093,8,107,1,2024-11-30
3094,5,108,5,2024-12-01
3095,8,101,1,2024-12-01
3096,6,101,3,2024-12-01
3097,1,107,1,2024-12-01
3098,4,109,4,2024-12-01
3099,3,110,2,2024-12-02
3100,2,101,2,2024-12-02
3101,8,101,4,2024-12-02
3102,10,101,2,2024-12-02
3103,3,101,2,2024-12-02
3104,5,102,4,2024-12-03
3105,3,110,1,2024-12-04
3106,2,102,4,2024-12-04
3107,10,110,2,2024-12-04
3108,2,104,4,2024-12-04
3109,6,107,3,2024-12-04
3110,10,109,2,2024-12-05
3111,4,101,5,2024-12-06
3112,3,106,1,2024-12-06
3113,2,105,2,2024-12-06
3114,3,106,5,2024-12-07
3115,3,108,2,2024-12-07
3116,10,101,2,2024-12-07
3117,2,110,4,2024-12-07
3118,1,108,1,2024-12-08
3119,1,101,2,2024-12-08
3120,10,105,4,2024-12-09
3121,3,104,2,2024-12-10
3122,5,109,4,2024-12-10
3123,7,104,2,2024-12-10
3124,10,101,5,2024-12-10
3125,8,110,1,2024-12-11
3126,5,106,4,2024-12-11
3127,9,104,2,2024-12-12
3128,9,102,5,2024-12-13
3129,9,109,2,2024-12-14
3130,8,104,3,2024-12-14
3131,1,104,1,2024-12-14
3132,8,108,2,2024-12-15
3133,3,101,1,2024-12-15
3134,5,104,4,2024-12-16
3135,5,106,5,2024-12-16
3136,8,101,1,2024-12-16
3137,9,103,2,2024-12-17
3138,8,109,1,2024-12-18
3139,4,108,5,2024-12-19
3140,6,107,2,2024-12-20
3141,6,104,1,2024-12-20
3142,6,104,1,2024-12-20
3143,4,107,2,2024-12-20
3144,7,104,1,2024-12-20
3145,10,108,1,2024-12-21
3146,7,103,2,2024-12-21
3147,10,108,2,2024-12-21
3148,7,106,2,2024-12-21
3149,4,106,3,2024-12-22
3150,4,106,2,2024-12-22
3151,1,110,1,2024-12-22
3152,5,103,1,2024-12-22
3153,8,107,2,2024-12-23
3154,6,104,3,2024-12-23
3155,10,103,5,2024-12-23
3156,3,110,5,2024-12-23
3157,2,107,5,2024-12-24
3158,8,104,5,2024-12-24
3159,8,105,1,2024-12-25
3160,7,104,2,2024-12-25
3161,6,107,5,2024-12-25
3162,4,110,2,2024-12-25
3163,1,107,1,2024-12-26
3164,1,108,5,2024-12-26
3165,1,107,5,2024-12-26
3166,7,108,1,2024-12-26
3167,8,108,2,2024-12-26
3168,9,101,4,2024-12-27
3169,3,106,3,2024-12-28
3170,4,102,1,2024-12-28
3171,5,103,4,2024-12-29
3172,10,110,1,2024-12-29
3173,8,108,2,2024-12-29
3174,7,103,3,2024-12-29
3175,1,102,4,2024-12-30
3176,6,109,1,2024-12-30
3177,5,107,3,2024-12-30
3178,10,109,5,2024-12-30
3179,2,110,3,2024-12-31
3180,1,109,3,2024-12-31
3181,2,107,3,2025-01-01
3182,10,101,3,2025-01-02
3183,6,103,5,2025-01-02
3184,2,109,2,2025-01-02
3185,3,106,2,2025-01-02
3186,2,108,5,2025-01-03
3187,4,104,3,2025-01-03
3188,6,105,5,2025-01-03
3189,7,105,1,2025-01-03
3190,2,106,3,2025-01-03
3191,8,109,5,2025-01-04
3192,2,108,5,2025-01-04
3193,9,105,4,2025-01-04
3194,10,106,1,2025-01-04
3195,8,102,1,2025-01-05
3196,7,103,3,2025-01-05
3197,2,103,3,2025-01-06
3198,3,108,2,2025-01-07
3199,9,101,3,2025-01-08
3200,7,109,2,2025-01-08
3201,6,107,4,2025-01-09
3202,1,105,2,2025-01-09
3203,2,101,2,2025-01-09
3204,9,106,4,2025-01-09
3205,6,106,4,2025-01-10
3206,10,109,5,2025-01-10
3207,8,108,3,2025-01-10
3208,10,103,3,2025-01-10
3209,3,105,2,2025-01-10
3210,6,105,1,2025-01-11
3211,3,106,3,2025-01-11
3212,8,103,5,2025-01-11
3213,3,109,3,2025-01-11
3214,3,103,2,2025-01-12
3215,4,102,1,2025-01-12
3216,10,103,4,2025-01-13
3217,5,106,2,2025-01-13
3218,4,109,1,2025-01-13
3219,6,103,3,2025-01-14
3220,8,109,2,2025-01-14
3221,9,105,1,2025-01-14
3222,7,108,2,2025-01-15
3223,6,103,1,2025-01-16
3224,9,109,3,2025-01-16
3225,5,108,3,2025-01-16
3226,10,103,5,2025-01-16
3227,6,102,4,2025-01-17
3228,1,103,5,2025-01-17
3229,2,105,1,2025-01-17
3230,7,110,2,2025-01-17
3231,6,102,3,2025-01-18
3232,1,110,2,2025-01-18
3233,10,109,2,2025-01-18
3234,5,104,1,2025-01-18
3235,9,108,1,2025-01-19
3236,7,104,4,2025-01-20
3237,6,110,5,2025-01-20
3238,9,101,3,2025-01-20
3239,7,103,4,2025-01-20
3240,6,107,3,2025-01-20
3241,5,106,3,2025-01-21
3242,8,109,1,2025-01-22
3243,4,108,4,2025-01-22
3244,8,105,2,2025-01-22
3245,7,103,5,2025-01-23
3246,10,102,2,2025-01-23
3247,4,105,4,2025-01-23
3248,9,106,1,2025-01-23
3249,7,102,1,2025-01-24
3250,7,105,4,2025-01-24
3251,3,109,4,2025-01-24
3252,10,103,2,2025-01-24
3253,3,107,3,2025-01-24
3254,8,101,3,2025-01-25
3255,10,105,4,2025-01-25
3256,9,108,2,2025-01-25
3257,1,101,2,2025-01-25
3258,5,105,4,2025-01-25
3259,5,107,2,2025-01-26
3260,4,101,1,2025-01-27
3261,5,108,1,2025-01-27
3262,10,106,5,2025-01-27
3263,8,110,4,2025-01-27
3264,8,102,3,2025-01-28
3265,9,110,1,2025-01-28
3266,5,103,5,2025-01-28
3267,3,106,4,2025-01-29
3268,6,103,1,2025-01-30
3269,5,106,4,2025-01-30
3270,1,105,3,2025-01-31
3271,9,102,5,2025-01-31
3272,4,103,1,2025-01-31
3273,3,109,3,2025-02-01
3274,6,105,3,2025-02-01
3275,6,102,5,2025-02-01
3276,10,106,2,2025-02-01
3277,1,103,5,2025-02-01
3278,6,108,4,2025-02-02
3279,6,103,1,2025-02-02
3280,4,103,5,2025-02-02
3281,4,109,5,2025-02-03
3282,9,109,5,2025-02-03
3283,7,108,1,2025-02-04
3284,3,101,4,2025-02-05
3285,5,106,2,2025-02-06
3286,8,110,5,2025-02-06
3287,6,103,3,2025-02-06
3288,2,104,2,2025-02-07
3289,4,105,2,2025-02-08
3290,4,103,1,2025-02-08
3291,2,102,1,2025-02-09
3292,8,107,1,2025-02-09
3293,4,102,1,2025-02-09
3294,9,110,1,2025-02-09
3295,2,105,1,2025-02-10
3296,2,105,1,2025-02-10
3297,2,102,5,2025-02-10
3298,4,110,2,2025-02-10
3299,6,101,1,2025-02-11
3300,3,105,5,2025-02-11
3301,6,103,5,2025-02-12
3302,10,104,5,2025-02-12
3303,10,102,1,2025-02-12
3304,1,109,2,2025-02-13
3305,4,105,2,2025-02-13
3306,9,101,1,2025-02-13
3307,4,109,4,2025-02-13
3308,6,110,2,2025-02-13
3309,2,103,3,2025-02-14
3310,7,107,2,2025-02-14
3311,9,104,4,2025-02-14
3312,2,106,1,2025-02-14
3313,2,109,2,2025-02-15
3314,8,106,3,2025-02-15
3315,9,101,1,2025-02-15
3316,6,108,1,2025-02-15
3317,5,108,5,2025-02-16
3318,5,108,2,2025-02-16
3319,9,107,3,2025-02-16
3320,7,104,1,2025-02-16
3321,6,103,1,2025-02-17
3322,8,102,4,2025-02-17
3323,8,109,1,2025-02-17
3324,2,103,4,2025-02-17
3325,10,102,2,2025-02-18
3326,2,106,2,2025-02-18
3327,6,104,5,2025-02-18
3328,7,102,2,2025-02-18
3329,8,105,5,2025-02-19
3330,10,105,4,2025-02-19
3331,6,108,5,2025-02-19
3332,7,108,5,2025-02-19
3333,3,108,1,2025-02-20
3334,2,105,4,2025-02-20
3335,8,104,2,2025-02-20
3336,2,101,1,2025-02-21
3337,1,103,4,2025-02-22
3338,10,106,2,2025-02-22
3339,5,110,5,2025-02-22
3340,2,102,5,2025-02-22
3341,8,104,3,2025-02-23
3342,8,108,5,2025-02-23
3343,5,109,3,2025-02-23
3344,9,109,1,2025-02-23
3345,7,102,4,2025-02-24
3346,6,107,4,2025-02-25
3347,8,101,1,2025-02-25
3348,3,109,3,2025-02-25
3349,3,108,4,2025-02-25
3350,5,107,4,2025-02-26
3351,2,110,4,2025-02-26
3352,9,110,4,2025-02-27
3353,8,109,2,2025-02-27
3354,9,101,4,2025-02-27
3355,5,108,5,2025-02-27
3356,7,110,3,2025-02-27
3357,6,101,1,2025-02-28
3358,10,101,2,2025-02-28
3359,6,106,5,2025-02-28
3360,6,107,1,2025-03-01
3361,6,106,4,2025-03-02
3362,6,101,2,2025-03-02
3363,4,104,3,2025-03-02
3364,10,102,1,2025-03-02
3365,2,106,2,2025-03-03
3366,1,109,3,2025-03-03
3367,1,108,4,2025-03-03
3368,9,107,3,2025-03-04
3369,1,108,5,2025-03-04
3370,1,106,4,2025-03-04
3371,10,107,3,2025-03-04
3372,10,102,4,2025-03-04
3373,4,106,4,2025-03-05
3374,6,103,5,2025-03-06
3375,5,106,4,2025-03-06
3376,4,108,1,2025-03-06
3377,9,104,3,2025-03-06
3378,5,101,3,2025-03-06
3379,7,104,5,2025-03-07
3380,2,110,1,2025-03-07
3381,10,106,3,2025-03-07
3382,2,110,5,2025-03-07
3383,8,107,2,2025-03-07
3384,2,105,5,2025-03-08
3385,5,107,5,2025-03-08
3386,6,104,4,2025-03-08
3387,5,110,5,2025-03-09
3388,8,109,2,2025-03-09
3389,1,109,2,2025-03-09
3390,10,108,2,2025-03-09
3391,5,109,5,2025-03-10
3392,7,110,1,2025-03-10
3393,9,104,3,2025-03-10
3394,8,103,2,2025-03-10
3395,5,107,4,2025-03-11
3396,6,102,2,2025-03-11
3397,5,105,2,2025-03-12
3398,5,110,2,2025-03-12
3399,7,104,1,2025-03-12
3400,3,104,1,2025-03-12
3401,5,108,4,2025-03-13
3402,9,107,4,2025-03-13
3403,4,103,3,2025-03-14
3404,1,105,3,2025-03-15
3405,9,103,1,2025-03-15
3406,1,101,1,2025-03-16
3407,6,110,3,2025-03-16
3408,2,107,3,2025-03-16
3409,2,107,2,2025-03-16
3410,2,110,5,2025-03-17
3411,2,109,5,2025-03-17
3412,5,108,1,2025-03-18
3413,4,110,1,2025-03-18
3414,6,106,5,2025-03-18
3415,7,104,4,2025-03-18
3416,4,103,1,2025-03-18
3417,4,105,4,2025-03-19
3418,7,105,5,2025-03-19
3419,8,109,3,2025-03-20
3420,6,109,4,2025-03-21
3421,4,105,2,2025-03-22
3422,6,108,3,2025-03-22
3423,5,101,5,2025-03-22
3424,1,101,2,2025-03-22
3425,9,107,3,2025-03-23
3426,6,102,5,2025-03-23
3427,4,108,4,2025-03-23
3428,7,105,3,2025-03-24
3429,4,105,2,2025-03-25
3430,8,106,4,2025-03-26
3431,1,105,1,2025-03-26
3432,8,107,3,2025-03-27
3433,7,102,2,2025-03-27
3434,5,109,1,2025-03-27
3435,6,107,5,2025-03-27
3436,6,108,1,2025-03-28
3437,1,103,4,2025-03-28
3438,3,101,4,2025-03-28
3439,4,105,3,2025-03-28
3440,10,102,1,2025-03-28
3441,4,109,2,2025-03-29
3442,10,107,3,2025-03-29
3443,8,103,3,2025-03-30
3444,3,110,3,2025-03-30
3445,5,104,1,2025-03-30
3446,7,106,2,2025-03-30
3447,7,110,2,2025-03-31
3448,1,101,5,2025-03-31
3449,10,104,1,2025-03-31
3450,8,104,3,2025-03-31
3451,1,107,5,2025-04-01
3452,7,110,3,2025-04-01
3453,2,106,2,2025-04-02
3454,10,102,1,2025-04-02
3455,7,108,4,2025-04-03
3456,2,104,2,2025-04-03
3457,4,105,3,2025-04-03
3458,8,107,2,2025-04-03
3459,7,104,5,2025-04-03
3460,5,104,4,2025-04-04
3461,3,107,2,2025-04-04
3462,5,105,2,2025-04-05
3463,8,104,3,2025-04-06
3464,10,108,1,2025-04-06
3465,1,108,2,2025-04-06
3466,6,107,2,2025-04-06
3467,7,107,5,2025-04-06
3468,2,102,5,2025-04-07
3469,1,101,3,2025-04-07
3470,4,108,3,2025-04-07
3471,10,101,1,2025-04-08
3472,5,109,5,2025-04-08
3473,7,105,4,2025-04-08
3474,6,103,5,2025-04-08
3475,1,110,2,2025-04-08
3476,3,109,4,2025-04-09
3477,6,108,2,2025-04-09
3478,2,106,5,2025-04-09
3479,3,105,1,2025-04-10
3480,6,101,2,2025-04-10
3481,8,105,3,2025-04-10
3482,7,105,3,2025-04-10
3483,5,109,3,2025-04-11
3484,7,103,3,2025-04-11
3485,8,103,5,2025-04-11
3486,8,101,2,2025-04-11
3487,3,101,2,2025-04-11
3488,1,108,3,2025-04-12
3489,3,108,4,2025-04-12
3490,8,101,4,2025-04-13
3491,9,108,4,2025-04-14
3492,8,102,2,2025-04-14
3493,2,106,1,2025-04-14
3494,5,103,2,2025-04-15
3495,9,105,5,2025-04-15
3496,4,110,1,2025-04-16
3497,9,110,2,2025-04-16
3498,7,102,2,2025-04-16
3499,8,102,3,2025-04-16
3500,1,105,1,2025-04-16
3501,6,110,1,2025-04-17
3502,6,103,1,2025-04-17
3503,2,108,4,2025-04-17
3504,8,105,5,2025-04-17
3505,6,101,5,2025-04-18
3506,6,110,2,2025-04-19
3507,4,101,3,2025-04-19
3508,6,101,1,2025-04-19
3509,9,110,4,2025-04-19
3510,7,105,2,2025-04-20
3511,7,102,1,2025-04-21
3512,4,103,4,2025-04-21
3513,5,103,1,2025-04-22
3514,5,108,4,2025-04-22
3515,5,110,2,2025-04-22
3516,6,102,3,2025-04-22
3517,4,108,4,2025-04-23
3518,7,108,3,2025-04-23
3519,10,110,4,2025-04-23
3520,2,107,3,2025-04-23
3521,10,103,4,2025-04-23
3522,2,101,5,2025-04-24
3523,6,108,2,2025-04-24
3524,3,108,5,2025-04-24
3525,9,102,3,2025-04-24
3526,7,102,4,2025-04-25
3527,5,103,2,2025-04-25
3528,5,104,5,2025-04-25
3529,7,105,5,2025-04-25
3530,9,102,1,2025-04-26
3531,2,109,4,2025-04-27
3532,7,102,4,2025-04-27
3533,10,105,3,2025-04-27
3534,5,110,1,2025-04-27
3535,9,101,1,2025-04-27
3536,3,103,4,2025-04-28
3537,1,102,4,2025-04-28
3538,5,106,5,2025-04-28
3539,8,108,5,2025-04-28
3540,6,103,2,2025-04-29
3541,3,102,5,2025-04-29
3542,5,102,4,2025-04-29
3543,1,101,4,2025-04-30
3544,2,101,2,2025-04-30
3545,8,108,4,2025-04-30
3546,10,108,3,2025-04-30
3547,10,110,3,2025-04-30
3548,5,102,2,2025-05-01
3549,3,101,2,2025-05-01
3550,2,101,2,2025-05-01
3551,1,104,4,2025-05-01
3552,4,107,5,2025-05-02
3553,4,102,3,2025-05-02
3554,3,108,4,2025-05-03
3555,1,102,2,2025-05-03
3556,3,108,4,2025-05-03
3557,8,101,4,2025-05-03
3558,4,104,3,2025-05-04
3559,10,107,1,2025-05-04
3560,6,101,1,2025-05-04
3561,7,107,4,2025-05-04
3562,10,110,5,2025-05-04
3563,1,108,4,2025-05-05
3564,8,109,5,2025-05-05
3565,10,108,2,2025-05-05
3566,9,101,4,2025-05-06
3567,6,109,1,2025-05-07
3568,5,107,4,2025-05-07
3569,2,108,5,2025-05-07
3570,6,108,4,2025-05-07
3571,1,103,3,2025-05-07
3572,8,106,4,2025-05-08
3573,4,109,2,2025-05-08
3574,6,110,4,2025-05-09
3575,3,105,4,2025-05-09
3576,7,106,4,2025-05-09
3577,3,110,2,2025-05-09
3578,5,102,4,2025-05-09
3579,3,104,2,2025-05-10
3580,10,108,1,2025-05-10
3581,8,105,2,2025-05-11
3582,4,109,1,2025-05-11
3583,1,106,3,2025-05-11
3584,6,103,2,2025-05-11
3585,1,102,3,2025-05-12
3586,7,102,5,2025-05-12
3587,4,102,5,2025-05-12
3588,4,108,3,2025-05-12
3589,6,106,1,2025-05-12
3590,5,103,5,2025-05-13
3591,10,102,1,2025-05-13
3592,8,108,1,2025-05-13
3593,2,110,5,2025-05-13
3594,2,109,1,2025-05-13
3595,2,103,1,2025-05-14
3596,4,106,2,2025-05-14
3597,5,108,5,2025-05-14
3598,8,102,2,2025-05-14
3599,6,106,2,2025-05-14
3600,4,108,4,2025-05-15
3601,4,108,3,2025-05-16
3602,9,103,1,2025-05-17
3603,5,106,4,2025-05-17
3604,6,104,2,2025-05-17
3605,7,104,2,2025-05-18
3606,7,107,4,2025-05-18
3607,8,109,3,2025-05-18
3608,1,108,2,2025-05-18
3609,1,109,1,2025-05-18
3610,6,106,4,2025-05-19
3611,7,101,4,2025-05-20
3612,1,103,5,2025-05-20
3613,9,105,4,2025-05-21
3614,9,105,3,2025-05-22
3615,6,101,3,2025-05-22
3616,9,110,2,2025-05-22
3617,7,108,2,2025-05-22
3618,10,110,4,2025-05-23
3619,6,107,2,2025-05-23
3620,5,102,1,2025-05-23
3621,9,106,4,2025-05-23
3622,3,109,5,2025-05-23
3623,4,102,5,2025-05-24
3624,9,105,5,2025-05-24
3625,6,103,1,2025-05-24
3626,9,110,3,2025-05-25
3627,5,107,5,2025-05-26
3628,2,101,3,2025-05-26
3629,9,106,1,2025-05-27
3630,1,102,4,2025-05-27
3631,5,110,1,2025-05-27
3632,6,104,5,2025-05-28
3633,10,109,5,2025-05-28
3634,4,106,3,2025-05-28
3635,5,110,2,2025-05-28
3636,9,104,1,2025-05-29
3637,6,109,5,2025-05-29
3638,4,106,4,2025-05-29
3639,2,103,4,2025-05-29
3640,2,102,1,2025-05-30
3641,7,103,4,2025-05-30
3642,4,108,1,2025-05-30
3643,6,109,4,2025-05-30
3644,9,109,4,2025-05-31
3645,5,110,4,2025-05-31
3646,7,108,4,2025-05-31
3647,7,103,2,2025-05-31
3648,9,103,4,2025-05-31
3649,3,109,5,2025-06-01
3650,2,104,4,2025-06-01
3651,8,101,2,2025-06-01
3652,9,106,1,2025-06-01
3653,7,102,1,2025-06-02
3654,6,110,3,2025-06-02
3655,1,109,2,2025-06-02
3656,2,106,3,2025-06-02
3657,6,105,3,2025-06-02
3658,1,103,2,2025-06-03
3659,10,107,1,2025-06-03
3660,5,105,2,2025-06-03
3661,3,108,1,2025-06-03
3662,9,106,1,2025-06-04
3663,7,108,5,2025-06-05
3664,10,108,3,2025-06-06
3665,7,108,5,2025-06-06
3666,3,103,5,2025-06-06
3667,8,108,2,2025-06-07
3668,6,102,5,2025-06-07
3669,10,107,4,2025-06-07
3670,4,107,3,2025-06-07
3671,1,108,3,2025-06-08
3672,2,103,1,2025-06-08
3673,10,105,5,2025-06-08
3674,2,109,1,2025-06-08
3675,4,110,5,2025-06-08
3676,1,110,5,2025-06-09
3677,4,108,5,2025-06-09
3678,1,102,5,2025-06-09
3679,3,101,3,2025-06-09
3680,4,104,5,2025-06-09
3681,2,109,5,2025-06-10
3682,6,107,5,2025-06-10
3683,1,108,1,2025-06-10
3684,6,107,2,2025-06-10
3685,1,109,3,2025-06-11
3686,7,105,1,2025-06-11
3687,2,102,5,2025-06-11
3688,3,105,2,2025-06-11
3689,5,102,2,2025-06-12
3690,5,107,2,2025-06-12
3691,10,106,2,2025-06-13
3692,1,105,4,2025-06-14
3693,6,103,4,2025-06-15
3694,5,107,1,2025-06-16
3695,1,104,2,2025-06-16
3696,10,110,2,2025-06-16
3697,9,109,4,2025-06-17
3698,2,105,1,2025-06-17
3699,6,108,5,2025-06-17
3700,7,102,4,2025-06-17
3701,7,104,1,2025-06-18
3702,9,110,1,2025-06-19
3703,4,109,2,2025-06-19
3704,5,110,4,2025-06-19
3705,2,109,2,2025-06-20
3706,3,106,5,2025-06-20
3707,3,104,5,2025-06-20
3708,7,109,4,2025-06-20
3709,1,108,5,2025-06-21
3710,3,101,1,2025-06-22
3711,8,105,5,2025-06-22
3712,5,107,3,2025-06-22
3713,10,109,3,2025-06-23
3714,1,103,5,2025-06-23
3715,2,105,1,2025-06-24
3716,7,102,2,2025-06-24
3717,9,105,4,2025-06-24
3718,4,110,5,2025-06-24
3719,6,106,3,2025-06-24
3720,5,104,3,2025-06-25
3721,6,104,4,2025-06-25
3722,10,106,1,2025-06-25
3723,3,101,5,2025-06-25
3724,1,101,2,2025-06-26
3725,7,109,4,2025-06-26
3726,7,109,1,2025-06-26
3727,2,109,1,2025-06-26
3728,2,106,4,2025-06-27
3729,10,106,4,2025-06-27
3730,3,101,1,2025-06-27
3731,8,106,2,2025-06-27
3732,1,104,1,2025-06-28
3733,5,106,2,2025-06-28
3734,2,110,3,2025-06-28
3735,4,104,4,2025-06-28
3736,1,105,4,2025-06-29
3737,10,104,1,2025-06-29
3738,4,107,1,2025-06-29
3739,10,109,4,2025-06-30
3740,3,109,2,2025-06-30
3741,10,110,5,2025-06-30
3742,2,110,2,2025-07-01
3743,2,103,3,2025-07-01
3744,4,109,3,2025-07-02
3745,4,101,5,2025-07-02
3746,10,105,5,2025-07-02
3747,8,101,4,2025-07-02
3748,1,106,4,2025-07-02
3749,5,102,5,2025-07-03
3750,8,108,3,2025-07-03
3751,9,101,2,2025-07-03
3752,1,105,4,2025-07-03
3753,8,106,1,2025-07-04
3754,7,104,3,2025-07-04
3755,2,110,1,2025-07-04
3756,4,107,1,2025-07-04
3757,4,104,2,2025-07-04
3758,5,102,1,2025-07-05
3759,1,108,4,2025-07-05
3760,1,110,3,2025-07-05
3761,4,102,4,2025-07-06
3762,4,106,1,2025-07-06
3763,6,109,2,2025-07-06
3764,10,110,4,2025-07-07
3765,8,110,1,2025-07-08
3766,1,101,4,2025-07-09
3767,2,103,1,2025-07-10
3768,8,101,3,2025-07-10
3769,10,107,1,2025-07-10
3770,1,109,1,2025-07-11
3771,7,107,1,2025-07-12
3772,10,107,2,2025-07-12
3773,10,110,1,2025-07-12
3774,7,108,4,2025-07-13
3775,10,110,1,2025-07-13
3776,6,101,4,2025-07-13
3777,9,106,5,2025-07-13
3778,2,102,1,2025-07-14
3779,10,102,5,2025-07-14
3780,10,103,5,2025-07-15
3781,5,106,4,2025-07-15
3782,10,108,2,2025-07-16
3783,4,103,1,2025-07-16
3784,1,103,3,2025-07-16
3785,10,107,5,2025-07-16
3786,5,110,5,2025-07-17
3787,3,103,4,2025-07-17
3788,5,110,3,2025-07-17
3789,6,101,5,2025-07-18
3790,10,103,1,2025-07-18
3791,4,109,5,2025-07-18
3792,7,106,2,2025-07-19
3793,4,102,3,2025-07-20
3794,4,108,4,2025-07-20
3795,6,110,5,2025-07-21
3796,6,110,3,2025-07-21
3797,7,106,2,2025-07-21
3798,2,108,1,2025-07-21
3799,8,104,1,2025-07-21
3800,4,108,5,2025-07-22
3801,4,104,4,2025-07-22
3802,7,104,4,2025-07-23
3803,3,101,3,2025-07-23
3804,1,102,3,2025-07-23
3805,9,102,2,2025-07-24
3806,8,104,5,2025-07-25
3807,6,101,1,2025-07-25
3808,4,104,3,2025-07-25
3809,4,105,2,2025-07-26
3810,6,109,2,2025-07-26
3811,4,101,2,2025-07-27
3812,5,102,1,2025-07-27
3813,7,102,3,2025-07-28
3814,4,105,4,2025-07-28
3815,6,106,2,2025-07-29
3816,9,110,4,2025-07-29
3817,2,103,2,2025-07-30
3818,4,109,4,2025-07-31
3819,6,106,5,2025-07-31
3820,4,101,5,2025-08-01
3821,10,104,5,2025-08-01
3822,5,103,3,2025-08-01
3823,4,101,3,2025-08-01
3824,9,110,4,2025-08-02
3825,4,102,4,2025-08-02
3826,2,103,5,2025-08-03
3827,7,109,3,2025-08-03
3828,8,109,4,2025-08-03
3829,3,106,3,2025-08-03
3830,9,108,4,2025-08-03
3831,5,110,4,2025-08-04
3832,10,101,2,2025-08-04
3833,4,104,4,2025-08-04
3834,4,107,2,2025-08-04
3835,7,107,5,2025-08-05
3836,3,106,3,2025-08-05
3837,9,102,2,2025-08-05
3838,5,108,5,2025-08-06
3839,4,110,1,2025-08-07
3840,8,109,5,2025-08-07
3841,6,107,4,2025-08-07
3842,7,107,3,2025-08-08
3843,8,106,3,2025-08-08
3844,7,101,2,2025-08-08
3845,8,104,3,2025-08-08
3846,6,102,3,2025-08-09
3847,9,109,1,2025-08-10
3848,5,104,1,2025-08-10
3849,2,102,3,2025-08-10
3850,1,109,2,2025-08-10
3851,6,104,3,2025-08-10
3852,5,105,2,2025-08-11
3853,10,103,5,2025-08-11
3854,5,101,3,2025-08-11
3855,6,107,4,2025-08-12
3856,10,101,4,2025-08-12
3857,9,103,4,2025-08-12
3858,4,104,4,2025-08-13
3859,4,109,5,2025-08-13
3860,8,108,3,2025-08-14
3861,2,106,2,2025-08-14
3862,7,107,2,2025-08-14
3863,8,108,5,2025-08-14
3864,1,106,2,2025-08-14
3865,3,105,1,2025-08-15
3866,8,106,3,2025-08-15
3867,4,107,4,2025-08-15
3868,7,109,3,2025-08-15
3869,6,110,1,2025-08-15
3870,1,103,2,2025-08-16
3871,6,110,5,2025-08-16
3872,10,110,4,2025-08-16
3873,7,104,4,2025-08-16
3874,2,109,4,2025-08-16
3875,8,102,3,2025-08-17
3876,10,108,3,2025-08-17
3877,3,102,5,2025-08-18
3878,1,110,4,2025-08-19
3879,1,103,2,2025-08-19
3880,7,105,2,2025-08-20
3881,5,109,1,2025-08-21
3882,8,101,3,2025-08-21
3883,1,103,3,2025-08-22
3884,7,107,2,2025-08-22
3885,2,103,5,2025-08-22
3886,7,108,1,2025-08-22
3887,7,104,2,2025-08-22
3888,5,107,4,2025-08-23
3889,3,110,5,2025-08-23
3890,10,104,5,2025-08-24
3891,8,105,2,2025-08-24
3892,1,103,4,2025-08-24
3893,7,110,2,2025-08-25
3894,6,110,4,2025-08-26
3895,8,108,5,2025-08-26
3896,1,102,3,2025-08-26
3897,8,106,3,2025-08-26
3898,7,110,2,2025-08-26
3899,4,103,5,2025-08-27
3900,7,108,4,2025-08-27
3901,3,110,1,2025-08-27
3902,7,101,2,2025-08-27
3903,5,109,3,2025-08-28
3904,2,104,4,2025-08-28
3905,9,102,3,2025-08-29
3906,2,102,5,2025-08-29
3907,6,107,4,2025-08-29
3908,3,105,2,2025-08-29
3909,1,108,1,2025-08-30
3910,2,108,4,2025-08-30
3911,6,107,2,2025-08-30
3912,7,101,1,2025-08-30
3913,5,102,2,2025-08-30
3914,8,108,4,2025-08-31
3915,2,102,5,2025-08-31
3916,4,108,2,2025-08-31
3917,5,103,2,2025-09-01
3918,1,110,1,2025-09-01
3919,3,105,1,2025-09-01
3920,9,107,2,2025-09-01
3921,1,105,2,2025-09-02
3922,6,103,2,2025-09-03
3923,1,109,2,2025-09-03
3924,8,101,5,2025-09-03
3925,2,107,3,2025-09-03
3926,1,110,1,2025-09-04
3927,1,107,2,2025-09-04
3928,4,106,2,2025-09-04
3929,4,102,1,2025-09-04
3930,1,101,3,2025-09-05
3931,4,102,2,2025-09-05
3932,2,103,2,2025-09-05
3933,1,107,5,2025-09-05
3934,6,106,5,2025-09-06
3935,10,104,5,2025-09-07
3936,7,107,1,2025-09-07
3937,4,102,3,2025-09-08
3938,6,103,1,2025-09-08
3939,6,101,4,2025-09-09
3940,4,108,2,2025-09-09
3941,2,105,5,2025-09-09
3942,6,101,1,2025-09-09
3943,7,105,5,2025-09-10
3944,8,102,5,2025-09-10
3945,3,105,1,2025-09-11
3946,10,106,4,2025-09-11
3947,3,106,2,2025-09-11
3948,6,108,1,2025-09-11
3949,6,101,5,2025-09-11
3950,8,107,5,2025-09-12
3951,4,109,5,2025-09-12
3952,1,104,1,2025-09-12
3953,10,102,3,2025-09-12
3954,4,107,2,2025-09-12
3955,2,101,2,2025-09-13
3956,6,108,3,2025-09-13
3957,4,103,4,2025-09-13
3958,4,101,2,2025-09-13
3959,10,108,3,2025-09-13
3960,5,106,1,2025-09-14
3961,9,107,3,2025-09-14
3962,4,106,3,2025-09-15
3963,4,109,1,2025-09-16
3964,4,104,5,2025-09-16
3965,9,106,2,2025-09-17
3966,8,101,1,2025-09-17
3967,8,102,2,2025-09-17
3968,1,103,2,2025-09-17
3969,2,103,5,2025-09-18
3970,9,104,2,2025-09-18
3971,2,107,4,2025-09-19
3972,5,103,2,2025-09-19
3973,4,107,2,2025-09-19
3974,10,104,3,2025-09-19
3975,5,110,4,2025-09-19
3976,5,108,1,2025-09-20
3977,6,107,4,2025-09-20
3978,8,108,4,2025-09-21
3979,9,110,4,2025-09-21
3980,8,101,4,2025-09-22
3981,7,102,3,2025-09-22
3982,9,103,5,2025-09-23
3983,3,105,4,2025-09-23
3984,8,105,4,2025-09-23
3985,5,107,5,2025-09-23
3986,10,108,1,2025-09-23
3987,3,108,2,2025-09-24
3988,3,104,1,2025-09-24
3989,1,109,3,2025-09-24
3990,7,107,4,2025-09-25
3991,6,107,4,2025-09-25
3992,5,110,1,2025-09-25
3993,7,101,1,2025-09-25
3994,10,103,2,2025-09-26
3995,7,105,3,2025-09-26
3996,9,108,3,2025-09-26
3997,1,107,4,2025-09-26
3998,4,108,1,2025-09-27
3999,6,101,2,2025-09-27
4000,10,108,2,2025-09-28
4001,5,104,5,2025-09-28
4002,10,103,1,2025-09-28
4003,2,107,4,2025-09-29
4004,2,109,2,2025-09-30
4005,7,103,4,2025-09-30
4006,5,105,5,2025-09-30
4007,9,107,5,2025-09-30
4008,5,107,1,2025-09-30
4009,10,106,2,2025-10-01
4010,4,107,3,2025-10-02
4011,1,103,4,2025-10-02
4012,1,102,1,2025-10-02
4013,9,107,3,2025-10-03
4014,7,103,2,2025-10-03
4015,6,103,2,2025-10-03
4016,4,108,2,2025-10-03
4017,2,108,5,2025-10-04
4018,4,103,2,2025-10-04
4019,1,103,2,2025-10-04
4020,5,107,4,2025-10-04
4021,10,102,2,2025-10-04
4022,5,102,4,2025-10-05
4023,5,102,3,2025-10-06
4024,10,104,4,2025-10-07
4025,2,101,1,2025-10-08
4026,5,101,5,2025-10-08
4027,1,102,2,2025-10-08
4028,9,101,4,2025-10-08
4029,9,105,4,2025-10-09
4030,8,106,5,2025-10-09
4031,7,106,3,2025-10-09
4032,6,106,2,2025-10-09
4033,6,107,4,2025-10-09
4034,1,106,3,2025-10-10
4035,2,101,4,2025-10-10
4036,7,103,1,2025-10-10
4037,10,102,5,2025-10-10
4038,5,104,3,2025-10-10
4039,10,108,5,2025-10-11
4040,7,104,1,2025-10-11
4041,6,101,3,2025-10-11
4042,1,106,4,2025-10-11
4043,10,108,4,2025-10-12
4044,10,102,3,2025-10-12
4045,8,102,4,2025-10-13
4046,5,110,2,2025-10-13
4047,3,109,5,2025-10-13
4048,9,101,2,2025-10-13
4049,2,105,5,2025-10-14
4050,8,103,4,2025-10-14
4051,2,108,5,2025-10-14
4052,4,104,2,2025-10-14
4053,2,102,4,2025-10-15
4054,1,103,3,2025-10-15
4055,5,104,3,2025-10-16
4056,8,102,2,2025-10-16
4057,9,108,1,2025-10-16
4058,6,104,5,2025-10-16
4059,2,106,4,2025-10-17
4060,7,109,4,2025-10-17
4061,4,104,3,2025-10-17
4062,2,105,1,2025-10-17
4063,2,102,3,2025-10-17
4064,4,102,5,2025-10-18
4065,6,103,3,2025-10-18
4066,7,110,1,2025-10-18
4067,5,101,5,2025-10-18
4068,9,104,4,2025-10-18
4069,6,106,2,2025-10-19
4070,9,110,5,2025-10-19
4071,4,102,4,2025-10-19
4072,1,109,4,2025-10-19
4073,3,105,2,2025-10-20
4074,8,108,2,2025-10-20
4075,10,105,2,2025-10-20
4076,10,106,3,2025-10-21
4077,2,105,5,2025-10-22
4078,8,104,4,2025-10-22
4079,5,107,1,2025-10-22
4080,6,103,2,2025-10-22
4081,4,101,2,2025-10-22
4082,7,105,2,2025-10-23
4083,1,109,4,2025-10-23
4084,6,107,4,2025-10-23
4085,6,107,4,2025-10-23
4086,9,105,3,2025-10-24
4087,9,107,1,2025-10-25
4088,3,106,5,2025-10-25
4089,5,108,2,2025-10-26
4090,3,108,4,2025-10-27
4091,5,103,2,2025-10-27
4092,4,104,1,2025-10-27
4093,6,110,1,2025-10-27
4094,3,107,4,2025-10-27
4095,1,102,3,2025-10-28
4096,8,103,1,2025-10-28
4097,9,106,5,2025-10-29
4098,3,107,2,2025-10-30
4099,1,102,2,2025-10-30
4100,7,108,3,2025-10-30
4101,10,103,4,2025-10-30
4102,8,107,3,2025-10-31
4103,6,101,1,2025-11-01
4104,2,102,1,2025-11-01
4105,8,109,2,2025-11-01
4106,1,110,5,2025-11-01
4107,8,105,1,2025-11-02
4108,10,103,4,2025-11-02
4109,8,107,3,2025-11-02
4110,10,103,1,2025-11-02
4111,6,102,5,2025-11-02
4112,7,101,4,2025-11-03
4113,9,109,5,2025-11-03
4114,2,109,5,2025-11-04
4115,9,102,2,2025-11-04
4116,2,103,5,2025-11-04
4117,3,101,5,2025-11-04
4118,6,102,1,2025-11-05
4119,3,110,2,2025-11-05
4120,3,102,5,2025-11-05
4121,5,101,1,2025-11-05
4122,9,105,3,2025-11-06
4123,3,107,1,2025-11-07
4124,4,105,1,2025-11-07
4125,9,105,5,2025-11-07
4126,8,103,5,2025-11-07
4127,8,106,5,2025-11-07
4128,10,109,5,2025-11-08
4129,4,102,1,2025-11-08
4130,4,101,2,2025-11-08
4131,5,104,2,2025-11-09
4132,10,109,2,2025-11-09
4133,6,105,2,2025-11-10
4134,10,107,1,2025-11-10
4135,9,105,3,2025-11-10
4136,7,103,4,2025-11-10
4137,8,102,3,2025-11-10
4138,3,109,2,2025-11-11
4139,2,105,2,2025-11-11
4140,6,110,5,2025-11-11
4141,10,103,4,2025-11-11
4142,6,107,4,2025-11-12
4143,1,110,2,2025-11-12
4144,5,102,5,2025-11-13
4145,9,107,1,2025-11-14
4146,2,106,3,2025-11-15
4147,5,103,2,2025-11-15
4148,5,101,1,2025-11-15
4149,4,107,1,2025-11-16
4150,2,103,5,2025-11-16
4151,5,110,4,2025-11-16
4152,2,109,3,2025-11-16
4153,5,109,3,2025-11-17
4154,10,102,1,2025-11-17
4155,3,106,4,2025-11-17
4156,3,106,5,2025-11-17
4157,9,110,4,2025-11-17
4158,10,103,3,2025-11-18
4159,1,109,2,2025-11-18
4160,3,103,4,2025-11-18
4161,10,105,1,2025-11-18
4162,4,110,4,2025-11-19
4163,8,103,4,2025-11-19
4164,6,108,5,2025-11-19
4165,5,107,5,2025-11-20
4166,4,105,1,2025-11-20
4167,5,107,3,2025-11-20
4168,2,102,2,2025-11-21
